--camara
insert into camara values (1);
insert into camara values (2);
insert into camara values (3);
insert into camara values (4);
insert into camara values (5);
insert into camara values (6);
insert into camara values (7);
insert into camara values (8);
insert into camara values (9);
insert into camara values (10);
insert into camara values (11);
insert into camara values (12);
insert into camara values (13);
insert into camara values (14);
insert into camara values (15);
insert into camara values (16);
insert into camara values (17);
insert into camara values (18);
insert into camara values (19);
insert into camara values (20);
insert into camara values (21);
insert into camara values (22);
insert into camara values (23);
insert into camara values (24);
insert into camara values (25);
insert into camara values (26);
insert into camara values (27);
insert into camara values (28);
insert into camara values (29);
insert into camara values (30);
insert into camara values (31);
insert into camara values (32);
insert into camara values (33);
insert into camara values (34);
insert into camara values (35);
insert into camara values (36);
insert into camara values (37);
insert into camara values (38);
insert into camara values (39);
insert into camara values (40);
insert into camara values (41);
insert into camara values (42);
insert into camara values (43);
insert into camara values (44);
insert into camara values (45);
insert into camara values (46);
insert into camara values (47);
insert into camara values (48);
insert into camara values (49);
insert into camara values (50);
insert into camara values (51);
insert into camara values (52);
insert into camara values (53);
insert into camara values (54);
insert into camara values (55);
insert into camara values (56);
insert into camara values (57);
insert into camara values (58);
insert into camara values (59);
insert into camara values (60);
insert into camara values (61);
insert into camara values (62);
insert into camara values (63);
insert into camara values (64);
insert into camara values (65);
insert into camara values (66);
insert into camara values (67);
insert into camara values (68);
insert into camara values (69);
insert into camara values (70);
insert into camara values (71);
insert into camara values (72);
insert into camara values (73);
insert into camara values (74);
insert into camara values (75);
insert into camara values (76);
insert into camara values (77);
insert into camara values (78);
insert into camara values (79);
insert into camara values (80);
insert into camara values (81);
insert into camara values (82);
insert into camara values (83);
insert into camara values (84);
insert into camara values (85);
insert into camara values (86);
insert into camara values (87);
insert into camara values (88);
insert into camara values (89);
insert into camara values (90);
insert into camara values (91);
insert into camara values (92);
insert into camara values (93);
insert into camara values (94);
insert into camara values (95);
insert into camara values (96);
insert into camara values (97);
insert into camara values (98);
insert into camara values (99);
insert into camara values (100);
insert into camara values (101);
insert into camara values (102);
insert into camara values (103);
insert into camara values (104);
insert into camara values (105);
insert into camara values (106);
insert into camara values (107);
insert into camara values (108);
insert into camara values (109);
insert into camara values (110);
insert into camara values (111);
insert into camara values (112);
insert into camara values (113);
insert into camara values (114);
insert into camara values (115);
insert into camara values (116);
insert into camara values (117);
insert into camara values (118);
insert into camara values (119);
insert into camara values (120);
insert into camara values (121);
insert into camara values (122);
insert into camara values (123);
insert into camara values (124);
insert into camara values (125);
insert into camara values (126);
insert into camara values (127);
insert into camara values (128);
insert into camara values (129);
insert into camara values (130);
insert into camara values (131);
insert into camara values (132);
insert into camara values (133);
insert into camara values (134);
insert into camara values (135);
insert into camara values (136);
insert into camara values (137);
insert into camara values (138);
insert into camara values (139);
insert into camara values (140);
insert into camara values (141);
insert into camara values (142);
insert into camara values (143);
insert into camara values (144);
insert into camara values (145);
insert into camara values (146);
insert into camara values (147);
insert into camara values (148);
insert into camara values (149);
insert into camara values (150);

--video
insert into video values (1,'2017-03-25 00:00:00','2017-03-26 00:00:00');
insert into video values (2,'2017-04-03 00:00:00','2017-04-04 00:00:00');
insert into video values (3,'2017-04-12 00:00:00','2017-04-13 00:00:00');
insert into video values (4,'2017-04-21 00:00:00','2017-04-22 00:00:00');
insert into video values (5,'2017-04-30 00:00:00','2017-05-01 00:00:00');
insert into video values (6,'2017-05-09 00:00:00','2017-05-10 00:00:00');
insert into video values (7,'2017-05-18 00:00:00','2017-05-19 00:00:00');
insert into video values (8,'2017-05-27 00:00:00','2017-05-28 00:00:00');
insert into video values (9,'2017-06-05 00:00:00','2017-06-06 00:00:00');
insert into video values (10,'2017-06-14 00:00:00','2017-06-15 00:00:00');
insert into video values (11,'2017-06-23 00:00:00','2017-06-24 00:00:00');
insert into video values (12,'2017-07-02 00:00:00','2017-07-03 00:00:00');
insert into video values (13,'2017-07-11 00:00:00','2017-07-12 00:00:00');
insert into video values (14,'2017-07-20 00:00:00','2017-07-21 00:00:00');
insert into video values (15,'2017-07-29 00:00:00','2017-07-30 00:00:00');
insert into video values (16,'2017-08-07 00:00:00','2017-08-08 00:00:00');
insert into video values (17,'2017-08-16 00:00:00','2017-08-17 00:00:00');
insert into video values (18,'2017-08-25 00:00:00','2017-08-26 00:00:00');
insert into video values (19,'2017-09-03 00:00:00','2017-09-04 00:00:00');
insert into video values (20,'2017-09-12 00:00:00','2017-09-13 00:00:00');
insert into video values (21,'2017-09-21 00:00:00','2017-09-22 00:00:00');
insert into video values (22,'2017-09-30 00:00:00','2017-10-01 00:00:00');
insert into video values (23,'2017-10-09 00:00:00','2017-10-10 00:00:00');
insert into video values (24,'2017-10-18 00:00:00','2017-10-19 00:00:00');
insert into video values (25,'2017-10-27 00:00:00','2017-10-28 00:00:00');
insert into video values (26,'2017-11-05 00:00:00','2017-11-06 00:00:00');
insert into video values (27,'2017-11-14 00:00:00','2017-11-15 00:00:00');
insert into video values (28,'2017-11-23 00:00:00','2017-11-24 00:00:00');
insert into video values (29,'2017-12-02 00:00:00','2017-12-03 00:00:00');
insert into video values (30,'2017-12-11 00:00:00','2017-12-12 00:00:00');
insert into video values (31,'2017-12-20 00:00:00','2017-12-21 00:00:00');
insert into video values (32,'2017-12-29 00:00:00','2017-12-30 00:00:00');
insert into video values (33,'2018-01-07 00:00:00','2018-01-08 00:00:00');
insert into video values (34,'2018-01-16 00:00:00','2018-01-17 00:00:00');
insert into video values (35,'2018-01-25 00:00:00','2018-01-26 00:00:00');
insert into video values (36,'2018-02-03 00:00:00','2018-02-04 00:00:00');
insert into video values (37,'2018-02-12 00:00:00','2018-02-13 00:00:00');
insert into video values (38,'2018-02-21 00:00:00','2018-02-22 00:00:00');
insert into video values (39,'2018-03-02 00:00:00','2018-03-03 00:00:00');
insert into video values (40,'2018-03-11 00:00:00','2018-03-12 00:00:00');
insert into video values (41,'2018-03-20 00:00:00','2018-03-21 00:00:00');
insert into video values (42,'2018-03-29 00:00:00','2018-03-30 00:00:00');
insert into video values (43,'2018-04-07 00:00:00','2018-04-08 00:00:00');
insert into video values (44,'2018-04-16 00:00:00','2018-04-17 00:00:00');
insert into video values (45,'2018-04-25 00:00:00','2018-04-26 00:00:00');
insert into video values (46,'2018-05-04 00:00:00','2018-05-05 00:00:00');
insert into video values (47,'2018-05-13 00:00:00','2018-05-14 00:00:00');
insert into video values (48,'2018-05-22 00:00:00','2018-05-23 00:00:00');
insert into video values (49,'2018-05-31 00:00:00','2018-06-01 00:00:00');
insert into video values (50,'2018-06-09 00:00:00','2018-06-10 00:00:00');
insert into video values (51,'2018-06-18 00:00:00','2018-06-19 00:00:00');
insert into video values (52,'2018-06-27 00:00:00','2018-06-28 00:00:00');
insert into video values (53,'2018-07-06 00:00:00','2018-07-07 00:00:00');
insert into video values (54,'2018-07-15 00:00:00','2018-07-16 00:00:00');
insert into video values (55,'2018-07-24 00:00:00','2018-07-25 00:00:00');
insert into video values (56,'2018-08-02 00:00:00','2018-08-03 00:00:00');
insert into video values (57,'2018-08-11 00:00:00','2018-08-12 00:00:00');
insert into video values (58,'2018-08-20 00:00:00','2018-08-21 00:00:00');
insert into video values (59,'2018-08-29 00:00:00','2018-08-30 00:00:00');
insert into video values (60,'2018-09-07 00:00:00','2018-09-08 00:00:00');
insert into video values (61,'2018-09-16 00:00:00','2018-09-17 00:00:00');
insert into video values (62,'2018-09-25 00:00:00','2018-09-26 00:00:00');
insert into video values (63,'2018-10-04 00:00:00','2018-10-05 00:00:00');
insert into video values (64,'2018-10-13 00:00:00','2018-10-14 00:00:00');
insert into video values (65,'2018-10-22 00:00:00','2018-10-23 00:00:00');
insert into video values (66,'2018-10-31 00:00:00','2018-11-01 00:00:00');
insert into video values (67,'2018-11-09 00:00:00','2018-11-10 00:00:00');
insert into video values (68,'2018-11-18 00:00:00','2018-11-19 00:00:00');
insert into video values (69,'2018-11-27 00:00:00','2018-11-28 00:00:00');
insert into video values (70,'2018-12-06 00:00:00','2018-12-07 00:00:00');
insert into video values (71,'2018-12-15 00:00:00','2018-12-16 00:00:00');
insert into video values (72,'2018-12-24 00:00:00','2018-12-25 00:00:00');
insert into video values (73,'2019-01-02 00:00:00','2019-01-03 00:00:00');
insert into video values (74,'2019-01-11 00:00:00','2019-01-12 00:00:00');
insert into video values (75,'2019-01-20 00:00:00','2019-01-21 00:00:00');
insert into video values (76,'2019-01-29 00:00:00','2019-01-30 00:00:00');
insert into video values (77,'2019-02-07 00:00:00','2019-02-08 00:00:00');
insert into video values (78,'2019-02-16 00:00:00','2019-02-17 00:00:00');
insert into video values (79,'2019-02-25 00:00:00','2019-02-26 00:00:00');
insert into video values (80,'2019-03-06 00:00:00','2019-03-07 00:00:00');
insert into video values (81,'2019-03-15 00:00:00','2019-03-16 00:00:00');
insert into video values (82,'2019-03-24 00:00:00','2019-03-25 00:00:00');
insert into video values (83,'2019-04-02 00:00:00','2019-04-03 00:00:00');
insert into video values (84,'2019-04-11 00:00:00','2019-04-12 00:00:00');
insert into video values (85,'2019-04-20 00:00:00','2019-04-21 00:00:00');
insert into video values (86,'2019-04-29 00:00:00','2019-04-30 00:00:00');
insert into video values (87,'2019-05-08 00:00:00','2019-05-09 00:00:00');
insert into video values (88,'2019-05-17 00:00:00','2019-05-18 00:00:00');
insert into video values (89,'2019-05-26 00:00:00','2019-05-27 00:00:00');
insert into video values (90,'2019-06-04 00:00:00','2019-06-05 00:00:00');
insert into video values (91,'2019-06-13 00:00:00','2019-06-14 00:00:00');
insert into video values (92,'2019-06-22 00:00:00','2019-06-23 00:00:00');
insert into video values (93,'2019-07-01 00:00:00','2019-07-02 00:00:00');
insert into video values (94,'2019-07-10 00:00:00','2019-07-11 00:00:00');
insert into video values (95,'2019-07-19 00:00:00','2019-07-20 00:00:00');
insert into video values (96,'2019-07-28 00:00:00','2019-07-29 00:00:00');
insert into video values (97,'2019-08-06 00:00:00','2019-08-07 00:00:00');
insert into video values (98,'2019-08-15 00:00:00','2019-08-16 00:00:00');
insert into video values (99,'2019-08-24 00:00:00','2019-08-25 00:00:00');
insert into video values (100,'2019-09-02 00:00:00','2019-09-03 00:00:00');
insert into video values (101,'2018-08-09 00:00:00','2018-09-09 00:00:00');

--segmentovideo
insert into segmentoVideo values (1, '2017-03-25 00:00:00', 1, 42);
insert into segmentoVideo values (1, '2017-03-25 00:00:00', 2, 38);
insert into segmentoVideo values (1, '2017-03-25 00:00:00', 3, 45);
insert into segmentoVideo values (1, '2017-03-25 00:00:00', 4, 31);
insert into segmentoVideo values (1, '2017-03-25 00:00:00', 5, 50);
insert into segmentoVideo values (2, '2017-04-03 00:00:00', 1, 20);
insert into segmentoVideo values (2, '2017-04-03 00:00:00', 2, 35);
insert into segmentoVideo values (2, '2017-04-03 00:00:00', 3, 21);
insert into segmentoVideo values (2, '2017-04-03 00:00:00', 4, 50);
insert into segmentoVideo values (2, '2017-04-03 00:00:00', 5, 42);
insert into segmentoVideo values (3, '2017-04-12 00:00:00', 1, 40);
insert into segmentoVideo values (3, '2017-04-12 00:00:00', 2, 40);
insert into segmentoVideo values (3, '2017-04-12 00:00:00', 3, 39);
insert into segmentoVideo values (3, '2017-04-12 00:00:00', 4, 40);
insert into segmentoVideo values (3, '2017-04-12 00:00:00', 5, 21);
insert into segmentoVideo values (4, '2017-04-21 00:00:00', 1, 46);
insert into segmentoVideo values (4, '2017-04-21 00:00:00', 2, 24);
insert into segmentoVideo values (4, '2017-04-21 00:00:00', 3, 38);
insert into segmentoVideo values (4, '2017-04-21 00:00:00', 4, 45);
insert into segmentoVideo values (4, '2017-04-21 00:00:00', 5, 35);
insert into segmentoVideo values (5, '2017-04-30 00:00:00', 1, 39);
insert into segmentoVideo values (5, '2017-04-30 00:00:00', 2, 23);
insert into segmentoVideo values (5, '2017-04-30 00:00:00', 3, 29);
insert into segmentoVideo values (5, '2017-04-30 00:00:00', 4, 40);
insert into segmentoVideo values (5, '2017-04-30 00:00:00', 5, 42);
insert into segmentoVideo values (6, '2017-05-09 00:00:00', 1, 43);
insert into segmentoVideo values (6, '2017-05-09 00:00:00', 2, 34);
insert into segmentoVideo values (6, '2017-05-09 00:00:00', 3, 40);
insert into segmentoVideo values (6, '2017-05-09 00:00:00', 4, 35);
insert into segmentoVideo values (6, '2017-05-09 00:00:00', 5, 43);
insert into segmentoVideo values (7, '2017-05-18 00:00:00', 1, 29);
insert into segmentoVideo values (7, '2017-05-18 00:00:00', 2, 21);
insert into segmentoVideo values (7, '2017-05-18 00:00:00', 3, 47);
insert into segmentoVideo values (7, '2017-05-18 00:00:00', 4, 36);
insert into segmentoVideo values (7, '2017-05-18 00:00:00', 5, 43);
insert into segmentoVideo values (8, '2017-05-27 00:00:00', 1, 31);
insert into segmentoVideo values (8, '2017-05-27 00:00:00', 2, 43);
insert into segmentoVideo values (8, '2017-05-27 00:00:00', 3, 29);
insert into segmentoVideo values (8, '2017-05-27 00:00:00', 4, 39);
insert into segmentoVideo values (8, '2017-05-27 00:00:00', 5, 26);
insert into segmentoVideo values (9, '2017-06-05 00:00:00', 1, 20);
insert into segmentoVideo values (9, '2017-06-05 00:00:00', 2, 35);
insert into segmentoVideo values (9, '2017-06-05 00:00:00', 3, 24);
insert into segmentoVideo values (9, '2017-06-05 00:00:00', 4, 31);
insert into segmentoVideo values (9, '2017-06-05 00:00:00', 5, 37);
insert into segmentoVideo values (10, '2017-06-14 00:00:00', 1, 49);
insert into segmentoVideo values (10, '2017-06-14 00:00:00', 2, 31);
insert into segmentoVideo values (10, '2017-06-14 00:00:00', 3, 47);
insert into segmentoVideo values (10, '2017-06-14 00:00:00', 4, 29);
insert into segmentoVideo values (10, '2017-06-14 00:00:00', 5, 35);
insert into segmentoVideo values (11, '2017-06-23 00:00:00', 1, 23);
insert into segmentoVideo values (11, '2017-06-23 00:00:00', 2, 49);
insert into segmentoVideo values (11, '2017-06-23 00:00:00', 3, 27);
insert into segmentoVideo values (11, '2017-06-23 00:00:00', 4, 23);
insert into segmentoVideo values (11, '2017-06-23 00:00:00', 5, 26);
insert into segmentoVideo values (12, '2017-07-02 00:00:00', 1, 41);
insert into segmentoVideo values (12, '2017-07-02 00:00:00', 2, 20);
insert into segmentoVideo values (12, '2017-07-02 00:00:00', 3, 38);
insert into segmentoVideo values (12, '2017-07-02 00:00:00', 4, 47);
insert into segmentoVideo values (12, '2017-07-02 00:00:00', 5, 43);
insert into segmentoVideo values (13, '2017-07-11 00:00:00', 1, 46);
insert into segmentoVideo values (13, '2017-07-11 00:00:00', 2, 22);
insert into segmentoVideo values (13, '2017-07-11 00:00:00', 3, 21);
insert into segmentoVideo values (13, '2017-07-11 00:00:00', 4, 45);
insert into segmentoVideo values (13, '2017-07-11 00:00:00', 5, 36);
insert into segmentoVideo values (14, '2017-07-20 00:00:00', 1, 38);
insert into segmentoVideo values (14, '2017-07-20 00:00:00', 2, 24);
insert into segmentoVideo values (14, '2017-07-20 00:00:00', 3, 30);
insert into segmentoVideo values (14, '2017-07-20 00:00:00', 4, 31);
insert into segmentoVideo values (14, '2017-07-20 00:00:00', 5, 29);
insert into segmentoVideo values (15, '2017-07-29 00:00:00', 1, 21);
insert into segmentoVideo values (15, '2017-07-29 00:00:00', 2, 32);
insert into segmentoVideo values (15, '2017-07-29 00:00:00', 3, 34);
insert into segmentoVideo values (15, '2017-07-29 00:00:00', 4, 20);
insert into segmentoVideo values (15, '2017-07-29 00:00:00', 5, 48);
insert into segmentoVideo values (16, '2017-08-07 00:00:00', 1, 38);
insert into segmentoVideo values (16, '2017-08-07 00:00:00', 2, 47);
insert into segmentoVideo values (16, '2017-08-07 00:00:00', 3, 29);
insert into segmentoVideo values (16, '2017-08-07 00:00:00', 4, 38);
insert into segmentoVideo values (16, '2017-08-07 00:00:00', 5, 47);
insert into segmentoVideo values (17, '2017-08-16 00:00:00', 1, 40);
insert into segmentoVideo values (17, '2017-08-16 00:00:00', 2, 36);
insert into segmentoVideo values (17, '2017-08-16 00:00:00', 3, 28);
insert into segmentoVideo values (17, '2017-08-16 00:00:00', 4, 23);
insert into segmentoVideo values (17, '2017-08-16 00:00:00', 5, 47);
insert into segmentoVideo values (18, '2017-08-25 00:00:00', 1, 34);
insert into segmentoVideo values (18, '2017-08-25 00:00:00', 2, 33);
insert into segmentoVideo values (18, '2017-08-25 00:00:00', 3, 35);
insert into segmentoVideo values (18, '2017-08-25 00:00:00', 4, 30);
insert into segmentoVideo values (18, '2017-08-25 00:00:00', 5, 42);
insert into segmentoVideo values (19, '2017-09-03 00:00:00', 1, 49);
insert into segmentoVideo values (19, '2017-09-03 00:00:00', 2, 26);
insert into segmentoVideo values (19, '2017-09-03 00:00:00', 3, 38);
insert into segmentoVideo values (19, '2017-09-03 00:00:00', 4, 38);
insert into segmentoVideo values (19, '2017-09-03 00:00:00', 5, 41);
insert into segmentoVideo values (20, '2017-09-12 00:00:00', 1, 28);
insert into segmentoVideo values (20, '2017-09-12 00:00:00', 2, 26);
insert into segmentoVideo values (20, '2017-09-12 00:00:00', 3, 48);
insert into segmentoVideo values (20, '2017-09-12 00:00:00', 4, 30);
insert into segmentoVideo values (20, '2017-09-12 00:00:00', 5, 39);
insert into segmentoVideo values (21, '2017-09-21 00:00:00', 1, 40);
insert into segmentoVideo values (21, '2017-09-21 00:00:00', 2, 22);
insert into segmentoVideo values (21, '2017-09-21 00:00:00', 3, 33);
insert into segmentoVideo values (21, '2017-09-21 00:00:00', 4, 28);
insert into segmentoVideo values (21, '2017-09-21 00:00:00', 5, 45);
insert into segmentoVideo values (22, '2017-09-30 00:00:00', 1, 28);
insert into segmentoVideo values (22, '2017-09-30 00:00:00', 2, 42);
insert into segmentoVideo values (22, '2017-09-30 00:00:00', 3, 26);
insert into segmentoVideo values (22, '2017-09-30 00:00:00', 4, 48);
insert into segmentoVideo values (22, '2017-09-30 00:00:00', 5, 47);
insert into segmentoVideo values (23, '2017-10-09 00:00:00', 1, 40);
insert into segmentoVideo values (23, '2017-10-09 00:00:00', 2, 45);
insert into segmentoVideo values (23, '2017-10-09 00:00:00', 3, 40);
insert into segmentoVideo values (23, '2017-10-09 00:00:00', 4, 43);
insert into segmentoVideo values (23, '2017-10-09 00:00:00', 5, 49);
insert into segmentoVideo values (24, '2017-10-18 00:00:00', 1, 27);
insert into segmentoVideo values (24, '2017-10-18 00:00:00', 2, 30);
insert into segmentoVideo values (24, '2017-10-18 00:00:00', 3, 31);
insert into segmentoVideo values (24, '2017-10-18 00:00:00', 4, 50);
insert into segmentoVideo values (24, '2017-10-18 00:00:00', 5, 31);
insert into segmentoVideo values (25, '2017-10-27 00:00:00', 1, 29);
insert into segmentoVideo values (25, '2017-10-27 00:00:00', 2, 39);
insert into segmentoVideo values (25, '2017-10-27 00:00:00', 3, 31);
insert into segmentoVideo values (25, '2017-10-27 00:00:00', 4, 41);
insert into segmentoVideo values (25, '2017-10-27 00:00:00', 5, 48);
insert into segmentoVideo values (26, '2017-11-05 00:00:00', 1, 35);
insert into segmentoVideo values (26, '2017-11-05 00:00:00', 2, 35);
insert into segmentoVideo values (26, '2017-11-05 00:00:00', 3, 27);
insert into segmentoVideo values (26, '2017-11-05 00:00:00', 4, 23);
insert into segmentoVideo values (26, '2017-11-05 00:00:00', 5, 28);
insert into segmentoVideo values (27, '2017-11-14 00:00:00', 1, 40);
insert into segmentoVideo values (27, '2017-11-14 00:00:00', 2, 42);
insert into segmentoVideo values (27, '2017-11-14 00:00:00', 3, 44);
insert into segmentoVideo values (27, '2017-11-14 00:00:00', 4, 37);
insert into segmentoVideo values (27, '2017-11-14 00:00:00', 5, 20);
insert into segmentoVideo values (28, '2017-11-23 00:00:00', 1, 30);
insert into segmentoVideo values (28, '2017-11-23 00:00:00', 2, 47);
insert into segmentoVideo values (28, '2017-11-23 00:00:00', 3, 40);
insert into segmentoVideo values (28, '2017-11-23 00:00:00', 4, 29);
insert into segmentoVideo values (28, '2017-11-23 00:00:00', 5, 36);
insert into segmentoVideo values (29, '2017-12-02 00:00:00', 1, 22);
insert into segmentoVideo values (29, '2017-12-02 00:00:00', 2, 46);
insert into segmentoVideo values (29, '2017-12-02 00:00:00', 3, 33);
insert into segmentoVideo values (29, '2017-12-02 00:00:00', 4, 39);
insert into segmentoVideo values (29, '2017-12-02 00:00:00', 5, 21);
insert into segmentoVideo values (30, '2017-12-11 00:00:00', 1, 31);
insert into segmentoVideo values (30, '2017-12-11 00:00:00', 2, 26);
insert into segmentoVideo values (30, '2017-12-11 00:00:00', 3, 34);
insert into segmentoVideo values (30, '2017-12-11 00:00:00', 4, 26);
insert into segmentoVideo values (30, '2017-12-11 00:00:00', 5, 33);
insert into segmentoVideo values (31, '2017-12-20 00:00:00', 1, 37);
insert into segmentoVideo values (31, '2017-12-20 00:00:00', 2, 26);
insert into segmentoVideo values (31, '2017-12-20 00:00:00', 3, 44);
insert into segmentoVideo values (31, '2017-12-20 00:00:00', 4, 25);
insert into segmentoVideo values (31, '2017-12-20 00:00:00', 5, 44);
insert into segmentoVideo values (32, '2017-12-29 00:00:00', 1, 23);
insert into segmentoVideo values (32, '2017-12-29 00:00:00', 2, 31);
insert into segmentoVideo values (32, '2017-12-29 00:00:00', 3, 44);
insert into segmentoVideo values (32, '2017-12-29 00:00:00', 4, 37);
insert into segmentoVideo values (32, '2017-12-29 00:00:00', 5, 40);
insert into segmentoVideo values (33, '2018-01-07 00:00:00', 1, 34);
insert into segmentoVideo values (33, '2018-01-07 00:00:00', 2, 46);
insert into segmentoVideo values (33, '2018-01-07 00:00:00', 3, 33);
insert into segmentoVideo values (33, '2018-01-07 00:00:00', 4, 26);
insert into segmentoVideo values (33, '2018-01-07 00:00:00', 5, 20);
insert into segmentoVideo values (34, '2018-01-16 00:00:00', 1, 50);
insert into segmentoVideo values (34, '2018-01-16 00:00:00', 2, 46);
insert into segmentoVideo values (34, '2018-01-16 00:00:00', 3, 23);
insert into segmentoVideo values (34, '2018-01-16 00:00:00', 4, 40);
insert into segmentoVideo values (34, '2018-01-16 00:00:00', 5, 27);
insert into segmentoVideo values (35, '2018-01-25 00:00:00', 1, 28);
insert into segmentoVideo values (35, '2018-01-25 00:00:00', 2, 22);
insert into segmentoVideo values (35, '2018-01-25 00:00:00', 3, 50);
insert into segmentoVideo values (35, '2018-01-25 00:00:00', 4, 37);
insert into segmentoVideo values (35, '2018-01-25 00:00:00', 5, 44);
insert into segmentoVideo values (36, '2018-02-03 00:00:00', 1, 50);
insert into segmentoVideo values (36, '2018-02-03 00:00:00', 2, 42);
insert into segmentoVideo values (36, '2018-02-03 00:00:00', 3, 24);
insert into segmentoVideo values (36, '2018-02-03 00:00:00', 4, 35);
insert into segmentoVideo values (36, '2018-02-03 00:00:00', 5, 50);
insert into segmentoVideo values (37, '2018-02-12 00:00:00', 1, 23);
insert into segmentoVideo values (37, '2018-02-12 00:00:00', 2, 38);
insert into segmentoVideo values (37, '2018-02-12 00:00:00', 3, 22);
insert into segmentoVideo values (37, '2018-02-12 00:00:00', 4, 39);
insert into segmentoVideo values (37, '2018-02-12 00:00:00', 5, 30);
insert into segmentoVideo values (38, '2018-02-21 00:00:00', 1, 42);
insert into segmentoVideo values (38, '2018-02-21 00:00:00', 2, 40);
insert into segmentoVideo values (38, '2018-02-21 00:00:00', 3, 32);
insert into segmentoVideo values (38, '2018-02-21 00:00:00', 4, 26);
insert into segmentoVideo values (38, '2018-02-21 00:00:00', 5, 46);
insert into segmentoVideo values (39, '2018-03-02 00:00:00', 1, 49);
insert into segmentoVideo values (39, '2018-03-02 00:00:00', 2, 42);
insert into segmentoVideo values (39, '2018-03-02 00:00:00', 3, 35);
insert into segmentoVideo values (39, '2018-03-02 00:00:00', 4, 36);
insert into segmentoVideo values (39, '2018-03-02 00:00:00', 5, 32);
insert into segmentoVideo values (40, '2018-03-11 00:00:00', 1, 35);
insert into segmentoVideo values (40, '2018-03-11 00:00:00', 2, 35);
insert into segmentoVideo values (40, '2018-03-11 00:00:00', 3, 50);
insert into segmentoVideo values (40, '2018-03-11 00:00:00', 4, 20);
insert into segmentoVideo values (40, '2018-03-11 00:00:00', 5, 39);
insert into segmentoVideo values (41, '2018-03-20 00:00:00', 1, 31);
insert into segmentoVideo values (41, '2018-03-20 00:00:00', 2, 27);
insert into segmentoVideo values (41, '2018-03-20 00:00:00', 3, 48);
insert into segmentoVideo values (41, '2018-03-20 00:00:00', 4, 46);
insert into segmentoVideo values (41, '2018-03-20 00:00:00', 5, 20);
insert into segmentoVideo values (42, '2018-03-29 00:00:00', 1, 29);
insert into segmentoVideo values (42, '2018-03-29 00:00:00', 2, 40);
insert into segmentoVideo values (42, '2018-03-29 00:00:00', 3, 49);
insert into segmentoVideo values (42, '2018-03-29 00:00:00', 4, 50);
insert into segmentoVideo values (42, '2018-03-29 00:00:00', 5, 46);
insert into segmentoVideo values (43, '2018-04-07 00:00:00', 1, 47);
insert into segmentoVideo values (43, '2018-04-07 00:00:00', 2, 23);
insert into segmentoVideo values (43, '2018-04-07 00:00:00', 3, 46);
insert into segmentoVideo values (43, '2018-04-07 00:00:00', 4, 30);
insert into segmentoVideo values (43, '2018-04-07 00:00:00', 5, 24);
insert into segmentoVideo values (44, '2018-04-16 00:00:00', 1, 39);
insert into segmentoVideo values (44, '2018-04-16 00:00:00', 2, 45);
insert into segmentoVideo values (44, '2018-04-16 00:00:00', 3, 30);
insert into segmentoVideo values (44, '2018-04-16 00:00:00', 4, 20);
insert into segmentoVideo values (44, '2018-04-16 00:00:00', 5, 44);
insert into segmentoVideo values (45, '2018-04-25 00:00:00', 1, 43);
insert into segmentoVideo values (45, '2018-04-25 00:00:00', 2, 33);
insert into segmentoVideo values (45, '2018-04-25 00:00:00', 3, 20);
insert into segmentoVideo values (45, '2018-04-25 00:00:00', 4, 20);
insert into segmentoVideo values (45, '2018-04-25 00:00:00', 5, 42);
insert into segmentoVideo values (46, '2018-05-04 00:00:00', 1, 31);
insert into segmentoVideo values (46, '2018-05-04 00:00:00', 2, 50);
insert into segmentoVideo values (46, '2018-05-04 00:00:00', 3, 44);
insert into segmentoVideo values (46, '2018-05-04 00:00:00', 4, 50);
insert into segmentoVideo values (46, '2018-05-04 00:00:00', 5, 30);
insert into segmentoVideo values (47, '2018-05-13 00:00:00', 1, 20);
insert into segmentoVideo values (47, '2018-05-13 00:00:00', 2, 29);
insert into segmentoVideo values (47, '2018-05-13 00:00:00', 3, 48);
insert into segmentoVideo values (47, '2018-05-13 00:00:00', 4, 46);
insert into segmentoVideo values (47, '2018-05-13 00:00:00', 5, 39);
insert into segmentoVideo values (48, '2018-05-22 00:00:00', 1, 48);
insert into segmentoVideo values (48, '2018-05-22 00:00:00', 2, 27);
insert into segmentoVideo values (48, '2018-05-22 00:00:00', 3, 42);
insert into segmentoVideo values (48, '2018-05-22 00:00:00', 4, 48);
insert into segmentoVideo values (48, '2018-05-22 00:00:00', 5, 25);
insert into segmentoVideo values (49, '2018-05-31 00:00:00', 1, 35);
insert into segmentoVideo values (49, '2018-05-31 00:00:00', 2, 40);
insert into segmentoVideo values (49, '2018-05-31 00:00:00', 3, 43);
insert into segmentoVideo values (49, '2018-05-31 00:00:00', 4, 29);
insert into segmentoVideo values (49, '2018-05-31 00:00:00', 5, 27);
insert into segmentoVideo values (50, '2018-06-09 00:00:00', 1, 22);
insert into segmentoVideo values (50, '2018-06-09 00:00:00', 2, 35);
insert into segmentoVideo values (50, '2018-06-09 00:00:00', 3, 33);
insert into segmentoVideo values (50, '2018-06-09 00:00:00', 4, 31);
insert into segmentoVideo values (50, '2018-06-09 00:00:00', 5, 32);
insert into segmentoVideo values (51, '2018-06-18 00:00:00', 1, 36);
insert into segmentoVideo values (51, '2018-06-18 00:00:00', 2, 44);
insert into segmentoVideo values (51, '2018-06-18 00:00:00', 3, 25);
insert into segmentoVideo values (51, '2018-06-18 00:00:00', 4, 35);
insert into segmentoVideo values (51, '2018-06-18 00:00:00', 5, 44);
insert into segmentoVideo values (52, '2018-06-27 00:00:00', 1, 36);
insert into segmentoVideo values (52, '2018-06-27 00:00:00', 2, 36);
insert into segmentoVideo values (52, '2018-06-27 00:00:00', 3, 24);
insert into segmentoVideo values (52, '2018-06-27 00:00:00', 4, 23);
insert into segmentoVideo values (52, '2018-06-27 00:00:00', 5, 40);
insert into segmentoVideo values (53, '2018-07-06 00:00:00', 1, 36);
insert into segmentoVideo values (53, '2018-07-06 00:00:00', 2, 20);
insert into segmentoVideo values (53, '2018-07-06 00:00:00', 3, 20);
insert into segmentoVideo values (53, '2018-07-06 00:00:00', 4, 33);
insert into segmentoVideo values (53, '2018-07-06 00:00:00', 5, 44);
insert into segmentoVideo values (54, '2018-07-15 00:00:00', 1, 21);
insert into segmentoVideo values (54, '2018-07-15 00:00:00', 2, 47);
insert into segmentoVideo values (54, '2018-07-15 00:00:00', 3, 24);
insert into segmentoVideo values (54, '2018-07-15 00:00:00', 4, 21);
insert into segmentoVideo values (54, '2018-07-15 00:00:00', 5, 34);
insert into segmentoVideo values (55, '2018-07-24 00:00:00', 1, 43);
insert into segmentoVideo values (55, '2018-07-24 00:00:00', 2, 39);
insert into segmentoVideo values (55, '2018-07-24 00:00:00', 3, 39);
insert into segmentoVideo values (55, '2018-07-24 00:00:00', 4, 24);
insert into segmentoVideo values (55, '2018-07-24 00:00:00', 5, 44);
insert into segmentoVideo values (56, '2018-08-02 00:00:00', 1, 33);
insert into segmentoVideo values (56, '2018-08-02 00:00:00', 2, 42);
insert into segmentoVideo values (56, '2018-08-02 00:00:00', 3, 36);
insert into segmentoVideo values (56, '2018-08-02 00:00:00', 4, 24);
insert into segmentoVideo values (56, '2018-08-02 00:00:00', 5, 43);
insert into segmentoVideo values (57, '2018-08-11 00:00:00', 1, 32);
insert into segmentoVideo values (57, '2018-08-11 00:00:00', 2, 25);
insert into segmentoVideo values (57, '2018-08-11 00:00:00', 3, 22);
insert into segmentoVideo values (57, '2018-08-11 00:00:00', 4, 46);
insert into segmentoVideo values (57, '2018-08-11 00:00:00', 5, 36);
insert into segmentoVideo values (58, '2018-08-20 00:00:00', 1, 35);
insert into segmentoVideo values (58, '2018-08-20 00:00:00', 2, 26);
insert into segmentoVideo values (58, '2018-08-20 00:00:00', 3, 33);
insert into segmentoVideo values (58, '2018-08-20 00:00:00', 4, 50);
insert into segmentoVideo values (58, '2018-08-20 00:00:00', 5, 23);
insert into segmentoVideo values (59, '2018-08-29 00:00:00', 1, 22);
insert into segmentoVideo values (59, '2018-08-29 00:00:00', 2, 46);
insert into segmentoVideo values (59, '2018-08-29 00:00:00', 3, 22);
insert into segmentoVideo values (59, '2018-08-29 00:00:00', 4, 42);
insert into segmentoVideo values (59, '2018-08-29 00:00:00', 5, 50);
insert into segmentoVideo values (60, '2018-09-07 00:00:00', 1, 40);
insert into segmentoVideo values (60, '2018-09-07 00:00:00', 2, 27);
insert into segmentoVideo values (60, '2018-09-07 00:00:00', 3, 26);
insert into segmentoVideo values (60, '2018-09-07 00:00:00', 4, 23);
insert into segmentoVideo values (60, '2018-09-07 00:00:00', 5, 25);
insert into segmentoVideo values (61, '2018-09-16 00:00:00', 1, 24);
insert into segmentoVideo values (61, '2018-09-16 00:00:00', 2, 29);
insert into segmentoVideo values (61, '2018-09-16 00:00:00', 3, 20);
insert into segmentoVideo values (61, '2018-09-16 00:00:00', 4, 39);
insert into segmentoVideo values (61, '2018-09-16 00:00:00', 5, 23);
insert into segmentoVideo values (62, '2018-09-25 00:00:00', 1, 37);
insert into segmentoVideo values (62, '2018-09-25 00:00:00', 2, 21);
insert into segmentoVideo values (62, '2018-09-25 00:00:00', 3, 38);
insert into segmentoVideo values (62, '2018-09-25 00:00:00', 4, 42);
insert into segmentoVideo values (62, '2018-09-25 00:00:00', 5, 43);
insert into segmentoVideo values (63, '2018-10-04 00:00:00', 1, 44);
insert into segmentoVideo values (63, '2018-10-04 00:00:00', 2, 28);
insert into segmentoVideo values (63, '2018-10-04 00:00:00', 3, 46);
insert into segmentoVideo values (63, '2018-10-04 00:00:00', 4, 24);
insert into segmentoVideo values (63, '2018-10-04 00:00:00', 5, 46);
insert into segmentoVideo values (64, '2018-10-13 00:00:00', 1, 43);
insert into segmentoVideo values (64, '2018-10-13 00:00:00', 2, 40);
insert into segmentoVideo values (64, '2018-10-13 00:00:00', 3, 43);
insert into segmentoVideo values (64, '2018-10-13 00:00:00', 4, 44);
insert into segmentoVideo values (64, '2018-10-13 00:00:00', 5, 40);
insert into segmentoVideo values (65, '2018-10-22 00:00:00', 1, 49);
insert into segmentoVideo values (65, '2018-10-22 00:00:00', 2, 22);
insert into segmentoVideo values (65, '2018-10-22 00:00:00', 3, 38);
insert into segmentoVideo values (65, '2018-10-22 00:00:00', 4, 35);
insert into segmentoVideo values (65, '2018-10-22 00:00:00', 5, 50);
insert into segmentoVideo values (66, '2018-10-31 00:00:00', 1, 25);
insert into segmentoVideo values (66, '2018-10-31 00:00:00', 2, 45);
insert into segmentoVideo values (66, '2018-10-31 00:00:00', 3, 23);
insert into segmentoVideo values (66, '2018-10-31 00:00:00', 4, 46);
insert into segmentoVideo values (66, '2018-10-31 00:00:00', 5, 40);
insert into segmentoVideo values (67, '2018-11-09 00:00:00', 1, 20);
insert into segmentoVideo values (67, '2018-11-09 00:00:00', 2, 40);
insert into segmentoVideo values (67, '2018-11-09 00:00:00', 3, 48);
insert into segmentoVideo values (67, '2018-11-09 00:00:00', 4, 43);
insert into segmentoVideo values (67, '2018-11-09 00:00:00', 5, 21);
insert into segmentoVideo values (68, '2018-11-18 00:00:00', 1, 47);
insert into segmentoVideo values (68, '2018-11-18 00:00:00', 2, 33);
insert into segmentoVideo values (68, '2018-11-18 00:00:00', 3, 39);
insert into segmentoVideo values (68, '2018-11-18 00:00:00', 4, 31);
insert into segmentoVideo values (68, '2018-11-18 00:00:00', 5, 22);
insert into segmentoVideo values (69, '2018-11-27 00:00:00', 1, 31);
insert into segmentoVideo values (69, '2018-11-27 00:00:00', 2, 20);
insert into segmentoVideo values (69, '2018-11-27 00:00:00', 3, 28);
insert into segmentoVideo values (69, '2018-11-27 00:00:00', 4, 48);
insert into segmentoVideo values (69, '2018-11-27 00:00:00', 5, 20);
insert into segmentoVideo values (70, '2018-12-06 00:00:00', 1, 24);
insert into segmentoVideo values (70, '2018-12-06 00:00:00', 2, 29);
insert into segmentoVideo values (70, '2018-12-06 00:00:00', 3, 24);
insert into segmentoVideo values (70, '2018-12-06 00:00:00', 4, 22);
insert into segmentoVideo values (70, '2018-12-06 00:00:00', 5, 43);
insert into segmentoVideo values (71, '2018-12-15 00:00:00', 1, 50);
insert into segmentoVideo values (71, '2018-12-15 00:00:00', 2, 49);
insert into segmentoVideo values (71, '2018-12-15 00:00:00', 3, 26);
insert into segmentoVideo values (71, '2018-12-15 00:00:00', 4, 37);
insert into segmentoVideo values (71, '2018-12-15 00:00:00', 5, 32);
insert into segmentoVideo values (72, '2018-12-24 00:00:00', 1, 50);
insert into segmentoVideo values (72, '2018-12-24 00:00:00', 2, 21);
insert into segmentoVideo values (72, '2018-12-24 00:00:00', 3, 47);
insert into segmentoVideo values (72, '2018-12-24 00:00:00', 4, 41);
insert into segmentoVideo values (72, '2018-12-24 00:00:00', 5, 31);
insert into segmentoVideo values (73, '2019-01-02 00:00:00', 1, 45);
insert into segmentoVideo values (73, '2019-01-02 00:00:00', 2, 47);
insert into segmentoVideo values (73, '2019-01-02 00:00:00', 3, 44);
insert into segmentoVideo values (73, '2019-01-02 00:00:00', 4, 27);
insert into segmentoVideo values (73, '2019-01-02 00:00:00', 5, 46);
insert into segmentoVideo values (74, '2019-01-11 00:00:00', 1, 35);
insert into segmentoVideo values (74, '2019-01-11 00:00:00', 2, 42);
insert into segmentoVideo values (74, '2019-01-11 00:00:00', 3, 20);
insert into segmentoVideo values (74, '2019-01-11 00:00:00', 4, 29);
insert into segmentoVideo values (74, '2019-01-11 00:00:00', 5, 45);
insert into segmentoVideo values (75, '2019-01-20 00:00:00', 1, 47);
insert into segmentoVideo values (75, '2019-01-20 00:00:00', 2, 34);
insert into segmentoVideo values (75, '2019-01-20 00:00:00', 3, 36);
insert into segmentoVideo values (75, '2019-01-20 00:00:00', 4, 43);
insert into segmentoVideo values (75, '2019-01-20 00:00:00', 5, 37);
insert into segmentoVideo values (76, '2019-01-29 00:00:00', 1, 30);
insert into segmentoVideo values (76, '2019-01-29 00:00:00', 2, 25);
insert into segmentoVideo values (76, '2019-01-29 00:00:00', 3, 45);
insert into segmentoVideo values (76, '2019-01-29 00:00:00', 4, 27);
insert into segmentoVideo values (76, '2019-01-29 00:00:00', 5, 46);
insert into segmentoVideo values (77, '2019-02-07 00:00:00', 1, 29);
insert into segmentoVideo values (77, '2019-02-07 00:00:00', 2, 41);
insert into segmentoVideo values (77, '2019-02-07 00:00:00', 3, 46);
insert into segmentoVideo values (77, '2019-02-07 00:00:00', 4, 47);
insert into segmentoVideo values (77, '2019-02-07 00:00:00', 5, 41);
insert into segmentoVideo values (78, '2019-02-16 00:00:00', 1, 35);
insert into segmentoVideo values (78, '2019-02-16 00:00:00', 2, 20);
insert into segmentoVideo values (78, '2019-02-16 00:00:00', 3, 42);
insert into segmentoVideo values (78, '2019-02-16 00:00:00', 4, 49);
insert into segmentoVideo values (78, '2019-02-16 00:00:00', 5, 47);
insert into segmentoVideo values (79, '2019-02-25 00:00:00', 1, 21);
insert into segmentoVideo values (79, '2019-02-25 00:00:00', 2, 38);
insert into segmentoVideo values (79, '2019-02-25 00:00:00', 3, 44);
insert into segmentoVideo values (79, '2019-02-25 00:00:00', 4, 38);
insert into segmentoVideo values (79, '2019-02-25 00:00:00', 5, 48);
insert into segmentoVideo values (80, '2019-03-06 00:00:00', 1, 49);
insert into segmentoVideo values (80, '2019-03-06 00:00:00', 2, 31);
insert into segmentoVideo values (80, '2019-03-06 00:00:00', 3, 42);
insert into segmentoVideo values (80, '2019-03-06 00:00:00', 4, 27);
insert into segmentoVideo values (80, '2019-03-06 00:00:00', 5, 47);
insert into segmentoVideo values (81, '2019-03-15 00:00:00', 1, 31);
insert into segmentoVideo values (81, '2019-03-15 00:00:00', 2, 24);
insert into segmentoVideo values (81, '2019-03-15 00:00:00', 3, 34);
insert into segmentoVideo values (81, '2019-03-15 00:00:00', 4, 40);
insert into segmentoVideo values (81, '2019-03-15 00:00:00', 5, 50);
insert into segmentoVideo values (82, '2019-03-24 00:00:00', 1, 22);
insert into segmentoVideo values (82, '2019-03-24 00:00:00', 2, 30);
insert into segmentoVideo values (82, '2019-03-24 00:00:00', 3, 26);
insert into segmentoVideo values (82, '2019-03-24 00:00:00', 4, 50);
insert into segmentoVideo values (82, '2019-03-24 00:00:00', 5, 20);
insert into segmentoVideo values (83, '2019-04-02 00:00:00', 1, 45);
insert into segmentoVideo values (83, '2019-04-02 00:00:00', 2, 29);
insert into segmentoVideo values (83, '2019-04-02 00:00:00', 3, 30);
insert into segmentoVideo values (83, '2019-04-02 00:00:00', 4, 24);
insert into segmentoVideo values (83, '2019-04-02 00:00:00', 5, 47);
insert into segmentoVideo values (84, '2019-04-11 00:00:00', 1, 34);
insert into segmentoVideo values (84, '2019-04-11 00:00:00', 2, 48);
insert into segmentoVideo values (84, '2019-04-11 00:00:00', 3, 38);
insert into segmentoVideo values (84, '2019-04-11 00:00:00', 4, 49);
insert into segmentoVideo values (84, '2019-04-11 00:00:00', 5, 46);
insert into segmentoVideo values (85, '2019-04-20 00:00:00', 1, 47);
insert into segmentoVideo values (85, '2019-04-20 00:00:00', 2, 23);
insert into segmentoVideo values (85, '2019-04-20 00:00:00', 3, 21);
insert into segmentoVideo values (85, '2019-04-20 00:00:00', 4, 31);
insert into segmentoVideo values (85, '2019-04-20 00:00:00', 5, 42);
insert into segmentoVideo values (86, '2019-04-29 00:00:00', 1, 27);
insert into segmentoVideo values (86, '2019-04-29 00:00:00', 2, 33);
insert into segmentoVideo values (86, '2019-04-29 00:00:00', 3, 36);
insert into segmentoVideo values (86, '2019-04-29 00:00:00', 4, 36);
insert into segmentoVideo values (86, '2019-04-29 00:00:00', 5, 27);
insert into segmentoVideo values (87, '2019-05-08 00:00:00', 1, 39);
insert into segmentoVideo values (87, '2019-05-08 00:00:00', 2, 49);
insert into segmentoVideo values (87, '2019-05-08 00:00:00', 3, 29);
insert into segmentoVideo values (87, '2019-05-08 00:00:00', 4, 33);
insert into segmentoVideo values (87, '2019-05-08 00:00:00', 5, 44);
insert into segmentoVideo values (88, '2019-05-17 00:00:00', 1, 50);
insert into segmentoVideo values (88, '2019-05-17 00:00:00', 2, 43);
insert into segmentoVideo values (88, '2019-05-17 00:00:00', 3, 38);
insert into segmentoVideo values (88, '2019-05-17 00:00:00', 4, 50);
insert into segmentoVideo values (88, '2019-05-17 00:00:00', 5, 48);
insert into segmentoVideo values (89, '2019-05-26 00:00:00', 1, 36);
insert into segmentoVideo values (89, '2019-05-26 00:00:00', 2, 36);
insert into segmentoVideo values (89, '2019-05-26 00:00:00', 3, 39);
insert into segmentoVideo values (89, '2019-05-26 00:00:00', 4, 39);
insert into segmentoVideo values (89, '2019-05-26 00:00:00', 5, 32);
insert into segmentoVideo values (90, '2019-06-04 00:00:00', 1, 37);
insert into segmentoVideo values (90, '2019-06-04 00:00:00', 2, 49);
insert into segmentoVideo values (90, '2019-06-04 00:00:00', 3, 27);
insert into segmentoVideo values (90, '2019-06-04 00:00:00', 4, 37);
insert into segmentoVideo values (90, '2019-06-04 00:00:00', 5, 34);
insert into segmentoVideo values (91, '2019-06-13 00:00:00', 1, 32);
insert into segmentoVideo values (91, '2019-06-13 00:00:00', 2, 31);
insert into segmentoVideo values (91, '2019-06-13 00:00:00', 3, 22);
insert into segmentoVideo values (91, '2019-06-13 00:00:00', 4, 29);
insert into segmentoVideo values (91, '2019-06-13 00:00:00', 5, 44);
insert into segmentoVideo values (92, '2019-06-22 00:00:00', 1, 41);
insert into segmentoVideo values (92, '2019-06-22 00:00:00', 2, 31);
insert into segmentoVideo values (92, '2019-06-22 00:00:00', 3, 45);
insert into segmentoVideo values (92, '2019-06-22 00:00:00', 4, 29);
insert into segmentoVideo values (92, '2019-06-22 00:00:00', 5, 31);
insert into segmentoVideo values (93, '2019-07-01 00:00:00', 1, 23);
insert into segmentoVideo values (93, '2019-07-01 00:00:00', 2, 20);
insert into segmentoVideo values (93, '2019-07-01 00:00:00', 3, 47);
insert into segmentoVideo values (93, '2019-07-01 00:00:00', 4, 36);
insert into segmentoVideo values (93, '2019-07-01 00:00:00', 5, 47);
insert into segmentoVideo values (94, '2019-07-10 00:00:00', 1, 34);
insert into segmentoVideo values (94, '2019-07-10 00:00:00', 2, 25);
insert into segmentoVideo values (94, '2019-07-10 00:00:00', 3, 27);
insert into segmentoVideo values (94, '2019-07-10 00:00:00', 4, 41);
insert into segmentoVideo values (94, '2019-07-10 00:00:00', 5, 23);
insert into segmentoVideo values (95, '2019-07-19 00:00:00', 1, 37);
insert into segmentoVideo values (95, '2019-07-19 00:00:00', 2, 38);
insert into segmentoVideo values (95, '2019-07-19 00:00:00', 3, 46);
insert into segmentoVideo values (95, '2019-07-19 00:00:00', 4, 47);
insert into segmentoVideo values (95, '2019-07-19 00:00:00', 5, 23);
insert into segmentoVideo values (96, '2019-07-28 00:00:00', 1, 24);
insert into segmentoVideo values (96, '2019-07-28 00:00:00', 2, 22);
insert into segmentoVideo values (96, '2019-07-28 00:00:00', 3, 38);
insert into segmentoVideo values (96, '2019-07-28 00:00:00', 4, 48);
insert into segmentoVideo values (96, '2019-07-28 00:00:00', 5, 27);
insert into segmentoVideo values (97, '2019-08-06 00:00:00', 1, 45);
insert into segmentoVideo values (97, '2019-08-06 00:00:00', 2, 23);
insert into segmentoVideo values (97, '2019-08-06 00:00:00', 3, 43);
insert into segmentoVideo values (97, '2019-08-06 00:00:00', 4, 41);
insert into segmentoVideo values (97, '2019-08-06 00:00:00', 5, 49);
insert into segmentoVideo values (98, '2019-08-15 00:00:00', 1, 43);
insert into segmentoVideo values (98, '2019-08-15 00:00:00', 2, 30);
insert into segmentoVideo values (98, '2019-08-15 00:00:00', 3, 45);
insert into segmentoVideo values (98, '2019-08-15 00:00:00', 4, 49);
insert into segmentoVideo values (98, '2019-08-15 00:00:00', 5, 26);
insert into segmentoVideo values (99, '2019-08-24 00:00:00', 1, 35);
insert into segmentoVideo values (99, '2019-08-24 00:00:00', 2, 27);
insert into segmentoVideo values (99, '2019-08-24 00:00:00', 3, 42);
insert into segmentoVideo values (99, '2019-08-24 00:00:00', 4, 47);
insert into segmentoVideo values (99, '2019-08-24 00:00:00', 5, 34);
insert into segmentoVideo values (100, '2019-09-02 00:00:00', 1, 47);
insert into segmentoVideo values (100, '2019-09-02 00:00:00', 2, 47);
insert into segmentoVideo values (100, '2019-09-02 00:00:00', 3, 32);
insert into segmentoVideo values (100, '2019-09-02 00:00:00', 4, 39);
insert into segmentoVideo values (100, '2019-09-02 00:00:00', 5, 39);
insert into segmentoVideo values (101, '2018-08-09 00:00:00', 1, 70);
insert into segmentoVideo values (101, '2018-08-09 00:00:00', 2, 65);
insert into segmentoVideo values (101, '2018-08-09 00:00:00', 3, 100);

--local
insert into local values ('Ponte de Lima');
insert into local values ('Montijo');
insert into local values ('Lourinha');
insert into local values ('Sintra');
insert into local values ('Cadaval');
insert into local values ('Mogadouro');
insert into local values ('Vieira do Minho');
insert into local values ('Sines');
insert into local values ('Lousada');
insert into local values ('Sao Vicente');
insert into local values ('Santo Tirso');
insert into local values ('Barcelos');
insert into local values ('Batalha');
insert into local values ('Lajes das Flores');
insert into local values ('Sesimbra');
insert into local values ('Loures');
insert into local values ('Reguengos de Monsaraz');
insert into local values ('Vila Nova de Paiva');
insert into local values ('Castelo Branco');
insert into local values ('Alcanena');
insert into local values ('Mangualde');
insert into local values ('Ovar');
insert into local values ('Fundao');
insert into local values ('Sernancelhe');
insert into local values ('Vendas Novas');
insert into local values ('Ribeira de Pena');
insert into local values ('Lagos');
insert into local values ('Vila Verde');
insert into local values ('Vila do Porto');
insert into local values ('Tomar');
insert into local values ('Ponte de Sor');
insert into local values ('Vila Nova da Barquinha');
insert into local values ('Calheta');
insert into local values ('Baiao');
insert into local values ('Murtosa');
insert into local values ('Aguiar da Beira');
insert into local values ('Vila Nova de Cerveira');
insert into local values ('Fornos de Algodres');
insert into local values ('Oeiras');
insert into local values ('Vila da Praia da Vitoria');
insert into local values ('Amares');
insert into local values ('Crato');
insert into local values ('Estarreja');
insert into local values ('Alcacer do Sal');
insert into local values ('Oleiros');
insert into local values ('Arcos de Valdevez');
insert into local values ('Tarouca');
insert into local values ('Peniche');
insert into local values ('Vila Franca de Xira');
insert into local values ('Macedo de Cavaleiros');
insert into local values ('Maia');
insert into local values ('Cinfaes');
insert into local values ('Golega');
insert into local values ('Ferreira do Alentejo');
insert into local values ('Benavente');
insert into local values ('Arganil');
insert into local values ('Avis');
insert into local values ('Tavira');
insert into local values ('Obidos');
insert into local values ('Salvaterra de Magos');
insert into local values ('Povoacao');
insert into local values ('Ansiao');
insert into local values ('Sao Roque do Pico');
insert into local values ('Loule');
insert into local values ('Figueira de Castelo Rodrigo');
insert into local values ('Nordeste');
insert into local values ('Valenca');
insert into local values ('Vimioso');
insert into local values ('Mortagua');
insert into local values ('Nisa');
insert into local values ('Portel');
insert into local values ('Vila do Conde');
insert into local values ('Pombal');
insert into local values ('Boticas');
insert into local values ('Serta');
insert into local values ('Ribeira Grande');
insert into local values ('Campo Maior');
insert into local values ('Oliveira do Bairro');
insert into local values ('Cartaxo');
insert into local values ('Arronches');
insert into local values ('Belmonte');
insert into local values ('Braga');
insert into local values ('Serpa');
insert into local values ('Torres Novas');
insert into local values ('Vila Real de Santo Antonio');
insert into local values ('Constancia');
insert into local values ('Albufeira');
insert into local values ('Pampilhosa da Serra');
insert into local values ('Vizela');
insert into local values ('Porto');
insert into local values ('Penacova');
insert into local values ('Almodovar');
insert into local values ('Barreiro');
insert into local values ('Castro Marim');
insert into local values ('Camara de Lobos');
insert into local values ('Sao Pedro do Sul');
insert into local values ('Evora');
insert into local values ('Alpiarca');
insert into local values ('Ferreira do Zezere');
insert into local values ('Mirandela');
insert into local values ('Oliveira do Hospital');
insert into local values ('Monchique');

--vigia
insert into vigia values ('1', 'Ponte de Lima');
insert into vigia values ('2', 'Montijo');
insert into vigia values ('3', 'Lourinha');
insert into vigia values ('4', 'Sintra');
insert into vigia values ('5', 'Cadaval');
insert into vigia values ('6', 'Mogadouro');
insert into vigia values ('7', 'Vieira do Minho');
insert into vigia values ('8', 'Sines');
insert into vigia values ('9', 'Lousada');
insert into vigia values ('10', 'Sao Vicente');
insert into vigia values ('11', 'Santo Tirso');
insert into vigia values ('12', 'Barcelos');
insert into vigia values ('13', 'Batalha');
insert into vigia values ('14', 'Lajes das Flores');
insert into vigia values ('15', 'Sesimbra');
insert into vigia values ('16', 'Loures');
insert into vigia values ('17', 'Reguengos de Monsaraz');
insert into vigia values ('18', 'Vila Nova de Paiva');
insert into vigia values ('19', 'Castelo Branco');
insert into vigia values ('20', 'Alcanena');
insert into vigia values ('21', 'Mangualde');
insert into vigia values ('22', 'Ovar');
insert into vigia values ('23', 'Fundao');
insert into vigia values ('24', 'Sernancelhe');
insert into vigia values ('25', 'Vendas Novas');
insert into vigia values ('26', 'Ribeira de Pena');
insert into vigia values ('27', 'Lagos');
insert into vigia values ('28', 'Vila Verde');
insert into vigia values ('29', 'Vila do Porto');
insert into vigia values ('30', 'Tomar');
insert into vigia values ('31', 'Ponte de Sor');
insert into vigia values ('32', 'Vila Nova da Barquinha');
insert into vigia values ('33', 'Calheta');
insert into vigia values ('34', 'Baiao');
insert into vigia values ('35', 'Murtosa');
insert into vigia values ('36', 'Aguiar da Beira');
insert into vigia values ('37', 'Vila Nova de Cerveira');
insert into vigia values ('38', 'Fornos de Algodres');
insert into vigia values ('39', 'Oeiras');
insert into vigia values ('40', 'Vila da Praia da Vitoria');
insert into vigia values ('41', 'Amares');
insert into vigia values ('42', 'Crato');
insert into vigia values ('43', 'Estarreja');
insert into vigia values ('44', 'Alcacer do Sal');
insert into vigia values ('45', 'Oleiros');
insert into vigia values ('46', 'Arcos de Valdevez');
insert into vigia values ('47', 'Tarouca');
insert into vigia values ('48', 'Peniche');
insert into vigia values ('49', 'Vila Franca de Xira');
insert into vigia values ('50', 'Macedo de Cavaleiros');
insert into vigia values ('51', 'Maia');
insert into vigia values ('52', 'Cinfaes');
insert into vigia values ('53', 'Golega');
insert into vigia values ('54', 'Ferreira do Alentejo');
insert into vigia values ('55', 'Benavente');
insert into vigia values ('56', 'Arganil');
insert into vigia values ('57', 'Avis');
insert into vigia values ('58', 'Tavira');
insert into vigia values ('59', 'Obidos');
insert into vigia values ('60', 'Salvaterra de Magos');
insert into vigia values ('61', 'Povoacao');
insert into vigia values ('62', 'Ansiao');
insert into vigia values ('63', 'Sao Roque do Pico');
insert into vigia values ('64', 'Loule');
insert into vigia values ('65', 'Figueira de Castelo Rodrigo');
insert into vigia values ('66', 'Nordeste');
insert into vigia values ('67', 'Valenca');
insert into vigia values ('68', 'Vimioso');
insert into vigia values ('69', 'Mortagua');
insert into vigia values ('70', 'Nisa');
insert into vigia values ('71', 'Portel');
insert into vigia values ('72', 'Vila do Conde');
insert into vigia values ('73', 'Pombal');
insert into vigia values ('74', 'Boticas');
insert into vigia values ('75', 'Serta');
insert into vigia values ('76', 'Ribeira Grande');
insert into vigia values ('77', 'Campo Maior');
insert into vigia values ('78', 'Oliveira do Bairro');
insert into vigia values ('79', 'Cartaxo');
insert into vigia values ('80', 'Arronches');
insert into vigia values ('81', 'Belmonte');
insert into vigia values ('82', 'Braga');
insert into vigia values ('83', 'Serpa');
insert into vigia values ('84', 'Torres Novas');
insert into vigia values ('85', 'Vila Real de Santo Antonio');
insert into vigia values ('86', 'Constancia');
insert into vigia values ('87', 'Albufeira');
insert into vigia values ('88', 'Pampilhosa da Serra');
insert into vigia values ('89', 'Vizela');
insert into vigia values ('90', 'Porto');
insert into vigia values ('91', 'Penacova');
insert into vigia values ('92', 'Almodovar');
insert into vigia values ('93', 'Barreiro');
insert into vigia values ('94', 'Castro Marim');
insert into vigia values ('95', 'Camara de Lobos');
insert into vigia values ('96', 'Sao Pedro do Sul');
insert into vigia values ('97', 'Evora');
insert into vigia values ('98', 'Alpiarca');
insert into vigia values ('99', 'Ferreira do Zezere');
insert into vigia values ('100', 'Mirandela');
insert into vigia values ('101', 'Monchique');

--processoSocorro
insert into processoSocorro values (1);
insert into processoSocorro values (2);
insert into processoSocorro values (3);
insert into processoSocorro values (4);
insert into processoSocorro values (5);
insert into processoSocorro values (6);
insert into processoSocorro values (7);
insert into processoSocorro values (8);
insert into processoSocorro values (9);
insert into processoSocorro values (10);
insert into processoSocorro values (11);
insert into processoSocorro values (12);
insert into processoSocorro values (13);
insert into processoSocorro values (14);
insert into processoSocorro values (15);
insert into processoSocorro values (16);
insert into processoSocorro values (17);
insert into processoSocorro values (18);
insert into processoSocorro values (19);
insert into processoSocorro values (20);
insert into processoSocorro values (21);
insert into processoSocorro values (22);
insert into processoSocorro values (23);
insert into processoSocorro values (24);
insert into processoSocorro values (25);
insert into processoSocorro values (26);
insert into processoSocorro values (27);
insert into processoSocorro values (28);
insert into processoSocorro values (29);
insert into processoSocorro values (30);
insert into processoSocorro values (31);
insert into processoSocorro values (32);
insert into processoSocorro values (33);
insert into processoSocorro values (34);
insert into processoSocorro values (35);
insert into processoSocorro values (36);
insert into processoSocorro values (37);
insert into processoSocorro values (38);
insert into processoSocorro values (39);
insert into processoSocorro values (40);
insert into processoSocorro values (41);
insert into processoSocorro values (42);
insert into processoSocorro values (43);
insert into processoSocorro values (44);
insert into processoSocorro values (45);
insert into processoSocorro values (46);
insert into processoSocorro values (47);
insert into processoSocorro values (48);
insert into processoSocorro values (49);
insert into processoSocorro values (50);
insert into processoSocorro values (51);
insert into processoSocorro values (52);
insert into processoSocorro values (53);
insert into processoSocorro values (54);
insert into processoSocorro values (55);
insert into processoSocorro values (56);
insert into processoSocorro values (57);
insert into processoSocorro values (58);
insert into processoSocorro values (59);
insert into processoSocorro values (60);
insert into processoSocorro values (61);
insert into processoSocorro values (62);
insert into processoSocorro values (63);
insert into processoSocorro values (64);
insert into processoSocorro values (65);
insert into processoSocorro values (66);
insert into processoSocorro values (67);
insert into processoSocorro values (68);
insert into processoSocorro values (69);
insert into processoSocorro values (70);
insert into processoSocorro values (71);
insert into processoSocorro values (72);
insert into processoSocorro values (73);
insert into processoSocorro values (74);
insert into processoSocorro values (75);
insert into processoSocorro values (76);
insert into processoSocorro values (77);
insert into processoSocorro values (78);
insert into processoSocorro values (79);
insert into processoSocorro values (80);
insert into processoSocorro values (81);
insert into processoSocorro values (82);
insert into processoSocorro values (83);
insert into processoSocorro values (84);
insert into processoSocorro values (85);
insert into processoSocorro values (86);
insert into processoSocorro values (87);
insert into processoSocorro values (88);
insert into processoSocorro values (89);
insert into processoSocorro values (90);
insert into processoSocorro values (91);
insert into processoSocorro values (92);
insert into processoSocorro values (93);
insert into processoSocorro values (94);
insert into processoSocorro values (95);
insert into processoSocorro values (96);
insert into processoSocorro values (97);
insert into processoSocorro values (98);
insert into processoSocorro values (99);
insert into processoSocorro values (100);
insert into processoSocorro values (101);
insert into processoSocorro values (102);
insert into processoSocorro values (103);
insert into processoSocorro values (104);
insert into processoSocorro values (105);
insert into processoSocorro values (106);
insert into processoSocorro values (107);
insert into processoSocorro values (108);
insert into processoSocorro values (109);
insert into processoSocorro values (110);
insert into processoSocorro values (111);
insert into processoSocorro values (112);
insert into processoSocorro values (113);
insert into processoSocorro values (114);
insert into processoSocorro values (115);
insert into processoSocorro values (116);
insert into processoSocorro values (117);
insert into processoSocorro values (118);
insert into processoSocorro values (119);
insert into processoSocorro values (120);
insert into processoSocorro values (121);
insert into processoSocorro values (122);
insert into processoSocorro values (123);
insert into processoSocorro values (124);
insert into processoSocorro values (125);
insert into processoSocorro values (126);
insert into processoSocorro values (127);
insert into processoSocorro values (128);
insert into processoSocorro values (129);
insert into processoSocorro values (130);
insert into processoSocorro values (131);
insert into processoSocorro values (132);
insert into processoSocorro values (133);
insert into processoSocorro values (134);
insert into processoSocorro values (135);
insert into processoSocorro values (136);
insert into processoSocorro values (137);
insert into processoSocorro values (138);
insert into processoSocorro values (139);
insert into processoSocorro values (140);
insert into processoSocorro values (141);
insert into processoSocorro values (142);
insert into processoSocorro values (143);
insert into processoSocorro values (144);
insert into processoSocorro values (145);
insert into processoSocorro values (146);
insert into processoSocorro values (147);
insert into processoSocorro values (148);
insert into processoSocorro values (149);
insert into processoSocorro values (150);

--eventoEmergencia
insert into eventoEmergencia values ('910000123', '2017-03-27 00:00:00', 'Gregoria', 'Ponte de Lima', 1);
insert into eventoEmergencia values ('910004982', '2017-04-05 00:00:00', 'Hortensia', 'Montijo', 2);
insert into eventoEmergencia values ('910009841', '2017-04-14 00:00:00', 'Dolique', 'Lourinha', 3);
insert into eventoEmergencia values ('910014700', '2017-04-23 00:00:00', 'Juliana', 'Sintra', 4);
insert into eventoEmergencia values ('910019559', '2017-05-02 00:00:00', 'Luca', 'Cadaval', 5);
insert into eventoEmergencia values ('910024418', '2017-05-11 00:00:00', 'Alcindo', 'Mogadouro', 6);
insert into eventoEmergencia values ('910029277', '2017-05-20 00:00:00', 'Cloe', 'Vieira do Minho', 7);
insert into eventoEmergencia values ('910034136', '2017-05-29 00:00:00', 'Horacia', 'Sines', 8);
insert into eventoEmergencia values ('910038995', '2017-06-07 00:00:00', 'Aprigio', 'Lousada', 9);
insert into eventoEmergencia values ('910043854', '2017-06-16 00:00:00', 'Laurine', 'Sao Vicente', 10);
insert into eventoEmergencia values ('910048713', '2017-06-25 00:00:00', 'Eleuterio', 'Santo Tirso', 11);
insert into eventoEmergencia values ('910053572', '2017-07-04 00:00:00', ' Braulio', 'Barcelos', 12);
insert into eventoEmergencia values ('910058431', '2017-07-13 00:00:00', 'Socorro', 'Batalha', 13);
insert into eventoEmergencia values ('910063290', '2017-07-22 00:00:00', 'Joni', 'Lajes das Flores', 14);
insert into eventoEmergencia values ('910068149', '2017-07-31 00:00:00', 'Chloe', 'Sesimbra', 15);
insert into eventoEmergencia values ('910073008', '2017-08-09 00:00:00', 'Domingos', 'Loures', 16);
insert into eventoEmergencia values ('910077867', '2017-08-18 00:00:00', 'Ziza', 'Reguengos de Monsaraz', 17);
insert into eventoEmergencia values ('910082726', '2017-08-27 00:00:00', 'Samaritana', 'Vila Nova de Paiva', 18);
insert into eventoEmergencia values ('910087585', '2017-09-05 00:00:00', 'Herberto', 'Castelo Branco', 19);
insert into eventoEmergencia values ('910092444', '2017-09-14 00:00:00', 'Jorja', 'Alcanena', 20);
insert into eventoEmergencia values ('910097303', '2017-09-23 00:00:00', 'Ligia', 'Mangualde', 21);
insert into eventoEmergencia values ('910102162', '2017-10-02 00:00:00', 'Lolia', 'Ovar', 22);
insert into eventoEmergencia values ('910107021', '2017-10-11 00:00:00', 'Catarino', 'Fundao', 23);
insert into eventoEmergencia values ('910111880', '2017-10-20 00:00:00', 'Assuncao', 'Sernancelhe', 24);
insert into eventoEmergencia values ('910116739', '2017-10-29 00:00:00', 'Diamantina', 'Vendas Novas', 25);
insert into eventoEmergencia values ('910121598', '2017-11-07 00:00:00', 'Solano', 'Ribeira de Pena', 26);
insert into eventoEmergencia values ('910126457', '2017-11-16 00:00:00', 'Eberardo', 'Lagos', 27);
insert into eventoEmergencia values ('910131316', '2017-11-25 00:00:00', 'Miru', 'Vila Verde', 28);
insert into eventoEmergencia values ('910136175', '2017-12-04 00:00:00', 'Morgana', 'Vila do Porto', 29);
insert into eventoEmergencia values ('910141034', '2017-12-13 00:00:00', 'Nilza', 'Tomar', 30);
insert into eventoEmergencia values ('910145893', '2017-12-22 00:00:00', 'Digno', 'Ponte de Sor', 31);
insert into eventoEmergencia values ('910150752', '2017-12-31 00:00:00', 'Agueda', 'Vila Nova da Barquinha', 32);
insert into eventoEmergencia values ('910155611', '2018-01-09 00:00:00', 'Rodolfo', 'Calheta', 33);
insert into eventoEmergencia values ('910160470', '2018-01-18 00:00:00', 'Paloma', 'Baiao', 34);
insert into eventoEmergencia values ('910165329', '2018-01-27 00:00:00', 'Salvador de Jesus', 'Murtosa', 35);
insert into eventoEmergencia values ('910170188', '2018-02-05 00:00:00', 'Elva', 'Aguiar da Beira', 36);
insert into eventoEmergencia values ('910175047', '2018-02-14 00:00:00', 'Diomar', 'Vila Nova de Cerveira', 37);
insert into eventoEmergencia values ('910179906', '2018-02-23 00:00:00', 'Nicanor', 'Fornos de Algodres', 38);
insert into eventoEmergencia values ('910184765', '2018-03-04 00:00:00', 'Simoneta', 'Oeiras', 39);
insert into eventoEmergencia values ('910189624', '2018-03-13 00:00:00', 'Sergio', 'Vila da Praia da Vitoria', 40);
insert into eventoEmergencia values ('910194483', '2018-03-22 00:00:00', 'Leo', 'Amares', 41);
insert into eventoEmergencia values ('910199342', '2018-03-31 00:00:00', 'Vinicio', 'Crato', 42);
insert into eventoEmergencia values ('910204201', '2018-04-09 00:00:00', 'Flavio', 'Estarreja', 43);
insert into eventoEmergencia values ('910209060', '2018-04-18 00:00:00', 'Sisinio', 'Alcacer do Sal', 44);
insert into eventoEmergencia values ('910213919', '2018-04-27 00:00:00', 'Valeria', 'Oleiros', 45);
insert into eventoEmergencia values ('910218778', '2018-05-06 00:00:00', 'Ursicio', 'Arcos de Valdevez', 46);
insert into eventoEmergencia values ('910223637', '2018-05-15 00:00:00', 'Carmelita', 'Tarouca', 47);
insert into eventoEmergencia values ('910228496', '2018-05-24 00:00:00', 'Heladia', 'Peniche', 48);
insert into eventoEmergencia values ('910233355', '2018-06-02 00:00:00', 'Quelia', 'Vila Franca de Xira', 49);
insert into eventoEmergencia values ('910238214', '2018-06-11 00:00:00', 'Dorabela', 'Macedo de Cavaleiros', 50);
insert into eventoEmergencia values ('910243073', '2018-06-20 00:00:00', 'Damien', 'Maia', 51);
insert into eventoEmergencia values ('910247932', '2018-06-29 00:00:00', 'Dara', 'Cinfaes', 52);
insert into eventoEmergencia values ('910252791', '2018-07-08 00:00:00', 'Joscelino', 'Golega', 53);
insert into eventoEmergencia values ('910257650', '2018-07-17 00:00:00', 'Vidalio', 'Ferreira do Alentejo', 54);
insert into eventoEmergencia values ('910262509', '2018-07-26 00:00:00', 'Vilator', 'Benavente', 55);
insert into eventoEmergencia values ('910267368', '2018-08-04 00:00:00', 'Solana', 'Arganil', 56);
insert into eventoEmergencia values ('910272227', '2018-08-13 00:00:00', 'Georgina', 'Avis', 57);
insert into eventoEmergencia values ('910277086', '2018-08-22 00:00:00', 'Suraje', 'Tavira', 58);
insert into eventoEmergencia values ('910281945', '2018-08-31 00:00:00', ' Benicia', 'Obidos', 59);
insert into eventoEmergencia values ('910286804', '2018-09-09 00:00:00', 'Ireneia', 'Salvaterra de Magos', 60);
insert into eventoEmergencia values ('910291663', '2018-09-18 00:00:00', 'Moises', 'Povoacao', 61);
insert into eventoEmergencia values ('910296522', '2018-09-27 00:00:00', 'Aurete', 'Ansiao', 62);
insert into eventoEmergencia values ('910301381', '2018-10-06 00:00:00', 'Aide', 'Sao Roque do Pico', 63);
insert into eventoEmergencia values ('910306240', '2018-10-15 00:00:00', 'Fernao', 'Loule', 64);
insert into eventoEmergencia values ('910311099', '2018-10-24 00:00:00', 'Teresinha', 'Figueira de Castelo Rodrigo', 65);
insert into eventoEmergencia values ('910315958', '2018-11-02 00:00:00', 'Atanasio', 'Nordeste', 66);
insert into eventoEmergencia values ('910320817', '2018-11-11 00:00:00', 'Alder', 'Valenca', 67);
insert into eventoEmergencia values ('910325676', '2018-11-20 00:00:00', 'Diocleciano', 'Vimioso', 68);
insert into eventoEmergencia values ('910330535', '2018-11-29 00:00:00', 'Sinesio', 'Mortagua', 69);
insert into eventoEmergencia values ('910335394', '2018-12-08 00:00:00', 'Nuno', 'Nisa', 70);
insert into eventoEmergencia values ('910340253', '2018-12-17 00:00:00', 'Dorino', 'Portel', 71);
insert into eventoEmergencia values ('910345112', '2018-12-26 00:00:00', 'Uranio', 'Vila do Conde', 72);
insert into eventoEmergencia values ('910349971', '2019-01-04 00:00:00', ' Brian', 'Pombal', 73);
insert into eventoEmergencia values ('910354830', '2019-01-13 00:00:00', 'Lussinga', 'Boticas', 74);
insert into eventoEmergencia values ('910359689', '2019-01-22 00:00:00', 'Caren', 'Serta', 75);
insert into eventoEmergencia values ('910364548', '2019-01-31 00:00:00', 'Maximiliano', 'Ribeira Grande', 76);
insert into eventoEmergencia values ('910369407', '2019-02-09 00:00:00', 'Deusdedito', 'Campo Maior', 77);
insert into eventoEmergencia values ('910374266', '2019-02-18 00:00:00', 'Heldemaro', 'Oliveira do Bairro', 78);
insert into eventoEmergencia values ('910379125', '2019-02-27 00:00:00', 'Jair', 'Cartaxo', 79);
insert into eventoEmergencia values ('910383984', '2019-03-08 00:00:00', 'Ricardina', 'Arronches', 80);
insert into eventoEmergencia values ('910388843', '2019-03-17 00:00:00', 'Vladimiro', 'Belmonte', 81);
insert into eventoEmergencia values ('910393702', '2019-03-26 00:00:00', ' Berilo', 'Braga', 82);
insert into eventoEmergencia values ('910398561', '2019-04-04 00:00:00', 'Estefano', 'Serpa', 83);
insert into eventoEmergencia values ('910403420', '2019-04-13 00:00:00', 'Dieter', 'Torres Novas', 84);
insert into eventoEmergencia values ('910408279', '2019-04-22 00:00:00', 'Helena', 'Vila Real de Santo Antonio', 85);
insert into eventoEmergencia values ('910413138', '2019-05-01 00:00:00', 'Aldo', 'Constancia', 86);
insert into eventoEmergencia values ('910417997', '2019-05-10 00:00:00', 'Claudiana', 'Albufeira', 87);
insert into eventoEmergencia values ('910422856', '2019-05-19 00:00:00', 'Acursio', 'Pampilhosa da Serra', 88);
insert into eventoEmergencia values ('910427715', '2019-05-28 00:00:00', 'Vania', 'Vizela', 89);
insert into eventoEmergencia values ('910432574', '2019-06-06 00:00:00', 'Aldonio', 'Porto', 90);
insert into eventoEmergencia values ('910437433', '2019-06-15 00:00:00', 'Eudo', 'Penacova', 91);
insert into eventoEmergencia values ('910442292', '2019-06-24 00:00:00', 'Eloi', 'Almodovar', 92);
insert into eventoEmergencia values ('910447151', '2019-07-03 00:00:00', 'Gilda', 'Barreiro', 93);
insert into eventoEmergencia values ('910452010', '2019-07-12 00:00:00', 'Pascoal', 'Castro Marim', 94);
insert into eventoEmergencia values ('910456869', '2019-07-21 00:00:00', 'Araci', 'Camara de Lobos', 95);
insert into eventoEmergencia values ('910461728', '2019-07-30 00:00:00', 'Joraci', 'Sao Pedro do Sul', 96);
insert into eventoEmergencia values ('910466587', '2019-08-08 00:00:00', 'Vitiza', 'Evora', 97);
insert into eventoEmergencia values ('910471446', '2019-08-17 00:00:00', 'Anais', 'Alpiarca', 98);
insert into eventoEmergencia values ('910476305', '2019-08-26 00:00:00', 'Gioconda', 'Ferreira do Zezere', 99);
insert into eventoEmergencia values ('910481164', '2019-09-04 00:00:00', 'Elzeario', 'Mirandela', 100);
insert into eventoEmergencia values ('910490882', '2018-04-22 04:20:00', 'Habacuctalinda', 'Oliveira do Hospital', 101);

--entidadeMeio
insert into entidadeMeio values ('Entidade-1');
insert into entidadeMeio values ('Entidade-2');
insert into entidadeMeio values ('Entidade-3');
insert into entidadeMeio values ('Entidade-4');
insert into entidadeMeio values ('Entidade-5');
insert into entidadeMeio values ('Entidade-6');
insert into entidadeMeio values ('Entidade-7');
insert into entidadeMeio values ('Entidade-8');
insert into entidadeMeio values ('Entidade-9');
insert into entidadeMeio values ('Entidade-10');
insert into entidadeMeio values ('Entidade-11');
insert into entidadeMeio values ('Entidade-12');
insert into entidadeMeio values ('Entidade-13');
insert into entidadeMeio values ('Entidade-14');
insert into entidadeMeio values ('Entidade-15');
insert into entidadeMeio values ('Entidade-16');
insert into entidadeMeio values ('Entidade-17');
insert into entidadeMeio values ('Entidade-18');
insert into entidadeMeio values ('Entidade-19');
insert into entidadeMeio values ('Entidade-20');
insert into entidadeMeio values ('Entidade-21');
insert into entidadeMeio values ('Entidade-22');
insert into entidadeMeio values ('Entidade-23');
insert into entidadeMeio values ('Entidade-24');
insert into entidadeMeio values ('Entidade-25');
insert into entidadeMeio values ('Entidade-26');
insert into entidadeMeio values ('Entidade-27');
insert into entidadeMeio values ('Entidade-28');
insert into entidadeMeio values ('Entidade-29');
insert into entidadeMeio values ('Entidade-30');
insert into entidadeMeio values ('Entidade-31');
insert into entidadeMeio values ('Entidade-32');
insert into entidadeMeio values ('Entidade-33');
insert into entidadeMeio values ('Entidade-34');
insert into entidadeMeio values ('Entidade-35');
insert into entidadeMeio values ('Entidade-36');
insert into entidadeMeio values ('Entidade-37');
insert into entidadeMeio values ('Entidade-38');
insert into entidadeMeio values ('Entidade-39');
insert into entidadeMeio values ('Entidade-40');
insert into entidadeMeio values ('Entidade-41');
insert into entidadeMeio values ('Entidade-42');
insert into entidadeMeio values ('Entidade-43');
insert into entidadeMeio values ('Entidade-44');
insert into entidadeMeio values ('Entidade-45');
insert into entidadeMeio values ('Entidade-46');
insert into entidadeMeio values ('Entidade-47');
insert into entidadeMeio values ('Entidade-48');
insert into entidadeMeio values ('Entidade-49');
insert into entidadeMeio values ('Entidade-50');
insert into entidadeMeio values ('Entidade-51');
insert into entidadeMeio values ('Entidade-52');
insert into entidadeMeio values ('Entidade-53');
insert into entidadeMeio values ('Entidade-54');
insert into entidadeMeio values ('Entidade-55');
insert into entidadeMeio values ('Entidade-56');
insert into entidadeMeio values ('Entidade-57');
insert into entidadeMeio values ('Entidade-58');
insert into entidadeMeio values ('Entidade-59');
insert into entidadeMeio values ('Entidade-60');
insert into entidadeMeio values ('Entidade-61');
insert into entidadeMeio values ('Entidade-62');
insert into entidadeMeio values ('Entidade-63');
insert into entidadeMeio values ('Entidade-64');
insert into entidadeMeio values ('Entidade-65');
insert into entidadeMeio values ('Entidade-66');
insert into entidadeMeio values ('Entidade-67');
insert into entidadeMeio values ('Entidade-68');
insert into entidadeMeio values ('Entidade-69');
insert into entidadeMeio values ('Entidade-70');
insert into entidadeMeio values ('Entidade-71');
insert into entidadeMeio values ('Entidade-72');
insert into entidadeMeio values ('Entidade-73');
insert into entidadeMeio values ('Entidade-74');
insert into entidadeMeio values ('Entidade-75');
insert into entidadeMeio values ('Entidade-76');
insert into entidadeMeio values ('Entidade-77');
insert into entidadeMeio values ('Entidade-78');
insert into entidadeMeio values ('Entidade-79');
insert into entidadeMeio values ('Entidade-80');
insert into entidadeMeio values ('Entidade-81');
insert into entidadeMeio values ('Entidade-82');
insert into entidadeMeio values ('Entidade-83');
insert into entidadeMeio values ('Entidade-84');
insert into entidadeMeio values ('Entidade-85');
insert into entidadeMeio values ('Entidade-86');
insert into entidadeMeio values ('Entidade-87');
insert into entidadeMeio values ('Entidade-88');
insert into entidadeMeio values ('Entidade-89');
insert into entidadeMeio values ('Entidade-90');
insert into entidadeMeio values ('Entidade-91');
insert into entidadeMeio values ('Entidade-92');
insert into entidadeMeio values ('Entidade-93');
insert into entidadeMeio values ('Entidade-94');
insert into entidadeMeio values ('Entidade-95');
insert into entidadeMeio values ('Entidade-96');
insert into entidadeMeio values ('Entidade-97');
insert into entidadeMeio values ('Entidade-98');
insert into entidadeMeio values ('Entidade-99');
insert into entidadeMeio values ('Entidade-100');
insert into entidadeMeio values ('ASAE');

--meio
insert into meio values(1, 'Apoio', 'Entidade-1');
insert into meio values(2, 'Combate', 'Entidade-1');
insert into meio values(3, 'Socorro', 'Entidade-1');
insert into meio values(1, 'Apoio', 'Entidade-2');
insert into meio values(2, 'Combate', 'Entidade-2');
insert into meio values(3, 'Socorro', 'Entidade-2');
insert into meio values(1, 'Apoio', 'Entidade-3');
insert into meio values(2, 'Combate', 'Entidade-3');
insert into meio values(3, 'Socorro', 'Entidade-3');
insert into meio values(1, 'Apoio', 'Entidade-4');
insert into meio values(2, 'Combate', 'Entidade-4');
insert into meio values(3, 'Socorro', 'Entidade-4');
insert into meio values(1, 'Apoio', 'Entidade-5');
insert into meio values(2, 'Combate', 'Entidade-5');
insert into meio values(3, 'Socorro', 'Entidade-5');
insert into meio values(1, 'Apoio', 'Entidade-6');
insert into meio values(2, 'Combate', 'Entidade-6');
insert into meio values(3, 'Socorro', 'Entidade-6');
insert into meio values(1, 'Apoio', 'Entidade-7');
insert into meio values(2, 'Combate', 'Entidade-7');
insert into meio values(3, 'Socorro', 'Entidade-7');
insert into meio values(1, 'Apoio', 'Entidade-8');
insert into meio values(2, 'Combate', 'Entidade-8');
insert into meio values(3, 'Socorro', 'Entidade-8');
insert into meio values(1, 'Apoio', 'Entidade-9');
insert into meio values(2, 'Combate', 'Entidade-9');
insert into meio values(3, 'Socorro', 'Entidade-9');
insert into meio values(1, 'Apoio', 'Entidade-10');
insert into meio values(2, 'Combate', 'Entidade-10');
insert into meio values(3, 'Socorro', 'Entidade-10');
insert into meio values(1, 'Apoio', 'Entidade-11');
insert into meio values(2, 'Combate', 'Entidade-11');
insert into meio values(3, 'Socorro', 'Entidade-11');
insert into meio values(1, 'Apoio', 'Entidade-12');
insert into meio values(2, 'Combate', 'Entidade-12');
insert into meio values(3, 'Socorro', 'Entidade-12');
insert into meio values(1, 'Apoio', 'Entidade-13');
insert into meio values(2, 'Combate', 'Entidade-13');
insert into meio values(3, 'Socorro', 'Entidade-13');
insert into meio values(1, 'Apoio', 'Entidade-14');
insert into meio values(2, 'Combate', 'Entidade-14');
insert into meio values(3, 'Socorro', 'Entidade-14');
insert into meio values(1, 'Apoio', 'Entidade-15');
insert into meio values(2, 'Combate', 'Entidade-15');
insert into meio values(3, 'Socorro', 'Entidade-15');
insert into meio values(1, 'Apoio', 'Entidade-16');
insert into meio values(2, 'Combate', 'Entidade-16');
insert into meio values(3, 'Socorro', 'Entidade-16');
insert into meio values(1, 'Apoio', 'Entidade-17');
insert into meio values(2, 'Combate', 'Entidade-17');
insert into meio values(3, 'Socorro', 'Entidade-17');
insert into meio values(1, 'Apoio', 'Entidade-18');
insert into meio values(2, 'Combate', 'Entidade-18');
insert into meio values(3, 'Socorro', 'Entidade-18');
insert into meio values(1, 'Apoio', 'Entidade-19');
insert into meio values(2, 'Combate', 'Entidade-19');
insert into meio values(3, 'Socorro', 'Entidade-19');
insert into meio values(1, 'Apoio', 'Entidade-20');
insert into meio values(2, 'Combate', 'Entidade-20');
insert into meio values(3, 'Socorro', 'Entidade-20');
insert into meio values(1, 'Apoio', 'Entidade-21');
insert into meio values(2, 'Combate', 'Entidade-21');
insert into meio values(3, 'Socorro', 'Entidade-21');
insert into meio values(1, 'Apoio', 'Entidade-22');
insert into meio values(2, 'Combate', 'Entidade-22');
insert into meio values(3, 'Socorro', 'Entidade-22');
insert into meio values(1, 'Apoio', 'Entidade-23');
insert into meio values(2, 'Combate', 'Entidade-23');
insert into meio values(3, 'Socorro', 'Entidade-23');
insert into meio values(1, 'Apoio', 'Entidade-24');
insert into meio values(2, 'Combate', 'Entidade-24');
insert into meio values(3, 'Socorro', 'Entidade-24');
insert into meio values(1, 'Apoio', 'Entidade-25');
insert into meio values(2, 'Combate', 'Entidade-25');
insert into meio values(3, 'Socorro', 'Entidade-25');
insert into meio values(1, 'Apoio', 'Entidade-26');
insert into meio values(2, 'Combate', 'Entidade-26');
insert into meio values(3, 'Socorro', 'Entidade-26');
insert into meio values(1, 'Apoio', 'Entidade-27');
insert into meio values(2, 'Combate', 'Entidade-27');
insert into meio values(3, 'Socorro', 'Entidade-27');
insert into meio values(1, 'Apoio', 'Entidade-28');
insert into meio values(2, 'Combate', 'Entidade-28');
insert into meio values(3, 'Socorro', 'Entidade-28');
insert into meio values(1, 'Apoio', 'Entidade-29');
insert into meio values(2, 'Combate', 'Entidade-29');
insert into meio values(3, 'Socorro', 'Entidade-29');
insert into meio values(1, 'Apoio', 'Entidade-30');
insert into meio values(2, 'Combate', 'Entidade-30');
insert into meio values(3, 'Socorro', 'Entidade-30');
insert into meio values(1, 'Apoio', 'Entidade-31');
insert into meio values(2, 'Combate', 'Entidade-31');
insert into meio values(3, 'Socorro', 'Entidade-31');
insert into meio values(1, 'Apoio', 'Entidade-32');
insert into meio values(2, 'Combate', 'Entidade-32');
insert into meio values(3, 'Socorro', 'Entidade-32');
insert into meio values(1, 'Apoio', 'Entidade-33');
insert into meio values(2, 'Combate', 'Entidade-33');
insert into meio values(3, 'Socorro', 'Entidade-33');
insert into meio values(1, 'Apoio', 'Entidade-34');
insert into meio values(2, 'Combate', 'Entidade-34');
insert into meio values(3, 'Socorro', 'Entidade-34');
insert into meio values(1, 'Apoio', 'Entidade-35');
insert into meio values(2, 'Combate', 'Entidade-35');
insert into meio values(3, 'Socorro', 'Entidade-35');
insert into meio values(1, 'Apoio', 'Entidade-36');
insert into meio values(2, 'Combate', 'Entidade-36');
insert into meio values(3, 'Socorro', 'Entidade-36');
insert into meio values(1, 'Apoio', 'Entidade-37');
insert into meio values(2, 'Combate', 'Entidade-37');
insert into meio values(3, 'Socorro', 'Entidade-37');
insert into meio values(1, 'Apoio', 'Entidade-38');
insert into meio values(2, 'Combate', 'Entidade-38');
insert into meio values(3, 'Socorro', 'Entidade-38');
insert into meio values(1, 'Apoio', 'Entidade-39');
insert into meio values(2, 'Combate', 'Entidade-39');
insert into meio values(3, 'Socorro', 'Entidade-39');
insert into meio values(1, 'Apoio', 'Entidade-40');
insert into meio values(2, 'Combate', 'Entidade-40');
insert into meio values(3, 'Socorro', 'Entidade-40');
insert into meio values(1, 'Apoio', 'Entidade-41');
insert into meio values(2, 'Combate', 'Entidade-41');
insert into meio values(3, 'Socorro', 'Entidade-41');
insert into meio values(1, 'Apoio', 'Entidade-42');
insert into meio values(2, 'Combate', 'Entidade-42');
insert into meio values(3, 'Socorro', 'Entidade-42');
insert into meio values(1, 'Apoio', 'Entidade-43');
insert into meio values(2, 'Combate', 'Entidade-43');
insert into meio values(3, 'Socorro', 'Entidade-43');
insert into meio values(1, 'Apoio', 'Entidade-44');
insert into meio values(2, 'Combate', 'Entidade-44');
insert into meio values(3, 'Socorro', 'Entidade-44');
insert into meio values(1, 'Apoio', 'Entidade-45');
insert into meio values(2, 'Combate', 'Entidade-45');
insert into meio values(3, 'Socorro', 'Entidade-45');
insert into meio values(1, 'Apoio', 'Entidade-46');
insert into meio values(2, 'Combate', 'Entidade-46');
insert into meio values(3, 'Socorro', 'Entidade-46');
insert into meio values(1, 'Apoio', 'Entidade-47');
insert into meio values(2, 'Combate', 'Entidade-47');
insert into meio values(3, 'Socorro', 'Entidade-47');
insert into meio values(1, 'Apoio', 'Entidade-48');
insert into meio values(2, 'Combate', 'Entidade-48');
insert into meio values(3, 'Socorro', 'Entidade-48');
insert into meio values(1, 'Apoio', 'Entidade-49');
insert into meio values(2, 'Combate', 'Entidade-49');
insert into meio values(3, 'Socorro', 'Entidade-49');
insert into meio values(1, 'Apoio', 'Entidade-50');
insert into meio values(2, 'Combate', 'Entidade-50');
insert into meio values(3, 'Socorro', 'Entidade-50');
insert into meio values(1, 'Apoio', 'Entidade-51');
insert into meio values(2, 'Combate', 'Entidade-51');
insert into meio values(3, 'Socorro', 'Entidade-51');
insert into meio values(1, 'Apoio', 'Entidade-52');
insert into meio values(2, 'Combate', 'Entidade-52');
insert into meio values(3, 'Socorro', 'Entidade-52');
insert into meio values(1, 'Apoio', 'Entidade-53');
insert into meio values(2, 'Combate', 'Entidade-53');
insert into meio values(3, 'Socorro', 'Entidade-53');
insert into meio values(1, 'Apoio', 'Entidade-54');
insert into meio values(2, 'Combate', 'Entidade-54');
insert into meio values(3, 'Socorro', 'Entidade-54');
insert into meio values(1, 'Apoio', 'Entidade-55');
insert into meio values(2, 'Combate', 'Entidade-55');
insert into meio values(3, 'Socorro', 'Entidade-55');
insert into meio values(1, 'Apoio', 'Entidade-56');
insert into meio values(2, 'Combate', 'Entidade-56');
insert into meio values(3, 'Socorro', 'Entidade-56');
insert into meio values(1, 'Apoio', 'Entidade-57');
insert into meio values(2, 'Combate', 'Entidade-57');
insert into meio values(3, 'Socorro', 'Entidade-57');
insert into meio values(1, 'Apoio', 'Entidade-58');
insert into meio values(2, 'Combate', 'Entidade-58');
insert into meio values(3, 'Socorro', 'Entidade-58');
insert into meio values(1, 'Apoio', 'Entidade-59');
insert into meio values(2, 'Combate', 'Entidade-59');
insert into meio values(3, 'Socorro', 'Entidade-59');
insert into meio values(1, 'Apoio', 'Entidade-60');
insert into meio values(2, 'Combate', 'Entidade-60');
insert into meio values(3, 'Socorro', 'Entidade-60');
insert into meio values(1, 'Apoio', 'Entidade-61');
insert into meio values(2, 'Combate', 'Entidade-61');
insert into meio values(3, 'Socorro', 'Entidade-61');
insert into meio values(1, 'Apoio', 'Entidade-62');
insert into meio values(2, 'Combate', 'Entidade-62');
insert into meio values(3, 'Socorro', 'Entidade-62');
insert into meio values(1, 'Apoio', 'Entidade-63');
insert into meio values(2, 'Combate', 'Entidade-63');
insert into meio values(3, 'Socorro', 'Entidade-63');
insert into meio values(1, 'Apoio', 'Entidade-64');
insert into meio values(2, 'Combate', 'Entidade-64');
insert into meio values(3, 'Socorro', 'Entidade-64');
insert into meio values(1, 'Apoio', 'Entidade-65');
insert into meio values(2, 'Combate', 'Entidade-65');
insert into meio values(3, 'Socorro', 'Entidade-65');
insert into meio values(1, 'Apoio', 'Entidade-66');
insert into meio values(2, 'Combate', 'Entidade-66');
insert into meio values(3, 'Socorro', 'Entidade-66');
insert into meio values(1, 'Apoio', 'Entidade-67');
insert into meio values(2, 'Combate', 'Entidade-67');
insert into meio values(3, 'Socorro', 'Entidade-67');
insert into meio values(1, 'Apoio', 'Entidade-68');
insert into meio values(2, 'Combate', 'Entidade-68');
insert into meio values(3, 'Socorro', 'Entidade-68');
insert into meio values(1, 'Apoio', 'Entidade-69');
insert into meio values(2, 'Combate', 'Entidade-69');
insert into meio values(3, 'Socorro', 'Entidade-69');
insert into meio values(1, 'Apoio', 'Entidade-70');
insert into meio values(2, 'Combate', 'Entidade-70');
insert into meio values(3, 'Socorro', 'Entidade-70');
insert into meio values(1, 'Apoio', 'Entidade-71');
insert into meio values(2, 'Combate', 'Entidade-71');
insert into meio values(3, 'Socorro', 'Entidade-71');
insert into meio values(1, 'Apoio', 'Entidade-72');
insert into meio values(2, 'Combate', 'Entidade-72');
insert into meio values(3, 'Socorro', 'Entidade-72');
insert into meio values(1, 'Apoio', 'Entidade-73');
insert into meio values(2, 'Combate', 'Entidade-73');
insert into meio values(3, 'Socorro', 'Entidade-73');
insert into meio values(1, 'Apoio', 'Entidade-74');
insert into meio values(2, 'Combate', 'Entidade-74');
insert into meio values(3, 'Socorro', 'Entidade-74');
insert into meio values(1, 'Apoio', 'Entidade-75');
insert into meio values(2, 'Combate', 'Entidade-75');
insert into meio values(3, 'Socorro', 'Entidade-75');
insert into meio values(1, 'Apoio', 'Entidade-76');
insert into meio values(2, 'Combate', 'Entidade-76');
insert into meio values(3, 'Socorro', 'Entidade-76');
insert into meio values(1, 'Apoio', 'Entidade-77');
insert into meio values(2, 'Combate', 'Entidade-77');
insert into meio values(3, 'Socorro', 'Entidade-77');
insert into meio values(1, 'Apoio', 'Entidade-78');
insert into meio values(2, 'Combate', 'Entidade-78');
insert into meio values(3, 'Socorro', 'Entidade-78');
insert into meio values(1, 'Apoio', 'Entidade-79');
insert into meio values(2, 'Combate', 'Entidade-79');
insert into meio values(3, 'Socorro', 'Entidade-79');
insert into meio values(1, 'Apoio', 'Entidade-80');
insert into meio values(2, 'Combate', 'Entidade-80');
insert into meio values(3, 'Socorro', 'Entidade-80');
insert into meio values(1, 'Apoio', 'Entidade-81');
insert into meio values(2, 'Combate', 'Entidade-81');
insert into meio values(3, 'Socorro', 'Entidade-81');
insert into meio values(1, 'Apoio', 'Entidade-82');
insert into meio values(2, 'Combate', 'Entidade-82');
insert into meio values(3, 'Socorro', 'Entidade-82');
insert into meio values(1, 'Apoio', 'Entidade-83');
insert into meio values(2, 'Combate', 'Entidade-83');
insert into meio values(3, 'Socorro', 'Entidade-83');
insert into meio values(1, 'Apoio', 'Entidade-84');
insert into meio values(2, 'Combate', 'Entidade-84');
insert into meio values(3, 'Socorro', 'Entidade-84');
insert into meio values(1, 'Apoio', 'Entidade-85');
insert into meio values(2, 'Combate', 'Entidade-85');
insert into meio values(3, 'Socorro', 'Entidade-85');
insert into meio values(1, 'Apoio', 'Entidade-86');
insert into meio values(2, 'Combate', 'Entidade-86');
insert into meio values(3, 'Socorro', 'Entidade-86');
insert into meio values(1, 'Apoio', 'Entidade-87');
insert into meio values(2, 'Combate', 'Entidade-87');
insert into meio values(3, 'Socorro', 'Entidade-87');
insert into meio values(1, 'Apoio', 'Entidade-88');
insert into meio values(2, 'Combate', 'Entidade-88');
insert into meio values(3, 'Socorro', 'Entidade-88');
insert into meio values(1, 'Apoio', 'Entidade-89');
insert into meio values(2, 'Combate', 'Entidade-89');
insert into meio values(3, 'Socorro', 'Entidade-89');
insert into meio values(1, 'Apoio', 'Entidade-90');
insert into meio values(2, 'Combate', 'Entidade-90');
insert into meio values(3, 'Socorro', 'Entidade-90');
insert into meio values(1, 'Apoio', 'Entidade-91');
insert into meio values(2, 'Combate', 'Entidade-91');
insert into meio values(3, 'Socorro', 'Entidade-91');
insert into meio values(1, 'Apoio', 'Entidade-92');
insert into meio values(2, 'Combate', 'Entidade-92');
insert into meio values(3, 'Socorro', 'Entidade-92');
insert into meio values(1, 'Apoio', 'Entidade-93');
insert into meio values(2, 'Combate', 'Entidade-93');
insert into meio values(3, 'Socorro', 'Entidade-93');
insert into meio values(1, 'Apoio', 'Entidade-94');
insert into meio values(2, 'Combate', 'Entidade-94');
insert into meio values(3, 'Socorro', 'Entidade-94');
insert into meio values(1, 'Apoio', 'Entidade-95');
insert into meio values(2, 'Combate', 'Entidade-95');
insert into meio values(3, 'Socorro', 'Entidade-95');
insert into meio values(1, 'Apoio', 'Entidade-96');
insert into meio values(2, 'Combate', 'Entidade-96');
insert into meio values(3, 'Socorro', 'Entidade-96');
insert into meio values(1, 'Apoio', 'Entidade-97');
insert into meio values(2, 'Combate', 'Entidade-97');
insert into meio values(3, 'Socorro', 'Entidade-97');
insert into meio values(1, 'Apoio', 'Entidade-98');
insert into meio values(2, 'Combate', 'Entidade-98');
insert into meio values(3, 'Socorro', 'Entidade-98');
insert into meio values(1, 'Apoio', 'Entidade-99');
insert into meio values(2, 'Combate', 'Entidade-99');
insert into meio values(3, 'Socorro', 'Entidade-99');
insert into meio values(1, 'Apoio', 'Entidade-100');
insert into meio values(2, 'Combate', 'Entidade-100');
insert into meio values(3, 'Socorro', 'Entidade-100');
insert into meio values(4, 'Socorro', 'ASAE');
insert into meio values(1, 'Combate', 'ASAE');
insert into meio values(6, 'Combate', 'ASAE');

--meioCombate
insert into meioCombate values (2, 'Entidade-1');
insert into meioCombate values (2, 'Entidade-2');
insert into meioCombate values (2, 'Entidade-3');
insert into meioCombate values (2, 'Entidade-4');
insert into meioCombate values (2, 'Entidade-5');
insert into meioCombate values (2, 'Entidade-6');
insert into meioCombate values (2, 'Entidade-7');
insert into meioCombate values (2, 'Entidade-8');
insert into meioCombate values (2, 'Entidade-9');
insert into meioCombate values (2, 'Entidade-10');
insert into meioCombate values (2, 'Entidade-11');
insert into meioCombate values (2, 'Entidade-12');
insert into meioCombate values (2, 'Entidade-13');
insert into meioCombate values (2, 'Entidade-14');
insert into meioCombate values (2, 'Entidade-15');
insert into meioCombate values (2, 'Entidade-16');
insert into meioCombate values (2, 'Entidade-17');
insert into meioCombate values (2, 'Entidade-18');
insert into meioCombate values (2, 'Entidade-19');
insert into meioCombate values (2, 'Entidade-20');
insert into meioCombate values (2, 'Entidade-21');
insert into meioCombate values (2, 'Entidade-22');
insert into meioCombate values (2, 'Entidade-23');
insert into meioCombate values (2, 'Entidade-24');
insert into meioCombate values (2, 'Entidade-25');
insert into meioCombate values (2, 'Entidade-26');
insert into meioCombate values (2, 'Entidade-27');
insert into meioCombate values (2, 'Entidade-28');
insert into meioCombate values (2, 'Entidade-29');
insert into meioCombate values (2, 'Entidade-30');
insert into meioCombate values (2, 'Entidade-31');
insert into meioCombate values (2, 'Entidade-32');
insert into meioCombate values (2, 'Entidade-33');
insert into meioCombate values (2, 'Entidade-34');
insert into meioCombate values (2, 'Entidade-35');
insert into meioCombate values (2, 'Entidade-36');
insert into meioCombate values (2, 'Entidade-37');
insert into meioCombate values (2, 'Entidade-38');
insert into meioCombate values (2, 'Entidade-39');
insert into meioCombate values (2, 'Entidade-40');
insert into meioCombate values (2, 'Entidade-41');
insert into meioCombate values (2, 'Entidade-42');
insert into meioCombate values (2, 'Entidade-43');
insert into meioCombate values (2, 'Entidade-44');
insert into meioCombate values (2, 'Entidade-45');
insert into meioCombate values (2, 'Entidade-46');
insert into meioCombate values (2, 'Entidade-47');
insert into meioCombate values (2, 'Entidade-48');
insert into meioCombate values (2, 'Entidade-49');
insert into meioCombate values (2, 'Entidade-50');
insert into meioCombate values (2, 'Entidade-51');
insert into meioCombate values (2, 'Entidade-52');
insert into meioCombate values (2, 'Entidade-53');
insert into meioCombate values (2, 'Entidade-54');
insert into meioCombate values (2, 'Entidade-55');
insert into meioCombate values (2, 'Entidade-56');
insert into meioCombate values (2, 'Entidade-57');
insert into meioCombate values (2, 'Entidade-58');
insert into meioCombate values (2, 'Entidade-59');
insert into meioCombate values (2, 'Entidade-60');
insert into meioCombate values (2, 'Entidade-61');
insert into meioCombate values (2, 'Entidade-62');
insert into meioCombate values (2, 'Entidade-63');
insert into meioCombate values (2, 'Entidade-64');
insert into meioCombate values (2, 'Entidade-65');
insert into meioCombate values (2, 'Entidade-66');
insert into meioCombate values (2, 'Entidade-67');
insert into meioCombate values (2, 'Entidade-68');
insert into meioCombate values (2, 'Entidade-69');
insert into meioCombate values (2, 'Entidade-70');
insert into meioCombate values (2, 'Entidade-71');
insert into meioCombate values (2, 'Entidade-72');
insert into meioCombate values (2, 'Entidade-73');
insert into meioCombate values (2, 'Entidade-74');
insert into meioCombate values (2, 'Entidade-75');
insert into meioCombate values (2, 'Entidade-76');
insert into meioCombate values (2, 'Entidade-77');
insert into meioCombate values (2, 'Entidade-78');
insert into meioCombate values (2, 'Entidade-79');
insert into meioCombate values (2, 'Entidade-80');
insert into meioCombate values (2, 'Entidade-81');
insert into meioCombate values (2, 'Entidade-82');
insert into meioCombate values (2, 'Entidade-83');
insert into meioCombate values (2, 'Entidade-84');
insert into meioCombate values (2, 'Entidade-85');
insert into meioCombate values (2, 'Entidade-86');
insert into meioCombate values (2, 'Entidade-87');
insert into meioCombate values (2, 'Entidade-88');
insert into meioCombate values (2, 'Entidade-89');
insert into meioCombate values (2, 'Entidade-90');
insert into meioCombate values (2, 'Entidade-91');
insert into meioCombate values (2, 'Entidade-92');
insert into meioCombate values (2, 'Entidade-93');
insert into meioCombate values (2, 'Entidade-94');
insert into meioCombate values (2, 'Entidade-95');
insert into meioCombate values (2, 'Entidade-96');
insert into meioCombate values (2, 'Entidade-97');
insert into meioCombate values (2, 'Entidade-98');
insert into meioCombate values (2, 'Entidade-99');
insert into meioCombate values (2, 'Entidade-100');
insert into meioCombate values(1, 'ASAE');

--meioApoio
insert into meioApoio values (1, 'Entidade-1');
insert into meioApoio values(2, 'Entidade-1');
insert into meioApoio values (1, 'Entidade-2');
insert into meioApoio values(2, 'Entidade-2');
insert into meioApoio values (1, 'Entidade-3');
insert into meioApoio values(2, 'Entidade-3');
insert into meioApoio values (1, 'Entidade-4');
insert into meioApoio values(2, 'Entidade-4');
insert into meioApoio values (1, 'Entidade-5');
insert into meioApoio values(2, 'Entidade-5');
insert into meioApoio values (1, 'Entidade-6');
insert into meioApoio values(2, 'Entidade-6');
insert into meioApoio values (1, 'Entidade-7');
insert into meioApoio values(2, 'Entidade-7');
insert into meioApoio values (1, 'Entidade-8');
insert into meioApoio values(2, 'Entidade-8');
insert into meioApoio values (1, 'Entidade-9');
insert into meioApoio values(2, 'Entidade-9');
insert into meioApoio values (1, 'Entidade-10');
insert into meioApoio values(2, 'Entidade-10');
insert into meioApoio values (1, 'Entidade-11');
insert into meioApoio values(2, 'Entidade-11');
insert into meioApoio values (1, 'Entidade-12');
insert into meioApoio values(2, 'Entidade-12');
insert into meioApoio values (1, 'Entidade-13');
insert into meioApoio values(2, 'Entidade-13');
insert into meioApoio values (1, 'Entidade-14');
insert into meioApoio values(2, 'Entidade-14');
insert into meioApoio values (1, 'Entidade-15');
insert into meioApoio values(2, 'Entidade-15');
insert into meioApoio values (1, 'Entidade-16');
insert into meioApoio values(2, 'Entidade-16');
insert into meioApoio values (1, 'Entidade-17');
insert into meioApoio values(2, 'Entidade-17');
insert into meioApoio values (1, 'Entidade-18');
insert into meioApoio values(2, 'Entidade-18');
insert into meioApoio values (1, 'Entidade-19');
insert into meioApoio values(2, 'Entidade-19');
insert into meioApoio values (1, 'Entidade-20');
insert into meioApoio values(2, 'Entidade-20');
insert into meioApoio values (1, 'Entidade-21');
insert into meioApoio values(2, 'Entidade-21');
insert into meioApoio values (1, 'Entidade-22');
insert into meioApoio values(2, 'Entidade-22');
insert into meioApoio values (1, 'Entidade-23');
insert into meioApoio values(2, 'Entidade-23');
insert into meioApoio values (1, 'Entidade-24');
insert into meioApoio values(2, 'Entidade-24');
insert into meioApoio values (1, 'Entidade-25');
insert into meioApoio values(2, 'Entidade-25');
insert into meioApoio values (1, 'Entidade-26');
insert into meioApoio values(2, 'Entidade-26');
insert into meioApoio values (1, 'Entidade-27');
insert into meioApoio values(2, 'Entidade-27');
insert into meioApoio values (1, 'Entidade-28');
insert into meioApoio values(2, 'Entidade-28');
insert into meioApoio values (1, 'Entidade-29');
insert into meioApoio values(2, 'Entidade-29');
insert into meioApoio values (1, 'Entidade-30');
insert into meioApoio values(2, 'Entidade-30');
insert into meioApoio values (1, 'Entidade-31');
insert into meioApoio values(2, 'Entidade-31');
insert into meioApoio values (1, 'Entidade-32');
insert into meioApoio values(2, 'Entidade-32');
insert into meioApoio values (1, 'Entidade-33');
insert into meioApoio values(2, 'Entidade-33');
insert into meioApoio values (1, 'Entidade-34');
insert into meioApoio values(2, 'Entidade-34');
insert into meioApoio values (1, 'Entidade-35');
insert into meioApoio values(2, 'Entidade-35');
insert into meioApoio values (1, 'Entidade-36');
insert into meioApoio values(2, 'Entidade-36');
insert into meioApoio values (1, 'Entidade-37');
insert into meioApoio values(2, 'Entidade-37');
insert into meioApoio values (1, 'Entidade-38');
insert into meioApoio values(2, 'Entidade-38');
insert into meioApoio values (1, 'Entidade-39');
insert into meioApoio values(2, 'Entidade-39');
insert into meioApoio values (1, 'Entidade-40');
insert into meioApoio values(2, 'Entidade-40');
insert into meioApoio values (1, 'Entidade-41');
insert into meioApoio values(2, 'Entidade-41');
insert into meioApoio values (1, 'Entidade-42');
insert into meioApoio values(2, 'Entidade-42');
insert into meioApoio values (1, 'Entidade-43');
insert into meioApoio values(2, 'Entidade-43');
insert into meioApoio values (1, 'Entidade-44');
insert into meioApoio values(2, 'Entidade-44');
insert into meioApoio values (1, 'Entidade-45');
insert into meioApoio values(2, 'Entidade-45');
insert into meioApoio values (1, 'Entidade-46');
insert into meioApoio values(2, 'Entidade-46');
insert into meioApoio values (1, 'Entidade-47');
insert into meioApoio values(2, 'Entidade-47');
insert into meioApoio values (1, 'Entidade-48');
insert into meioApoio values(2, 'Entidade-48');
insert into meioApoio values (1, 'Entidade-49');
insert into meioApoio values(2, 'Entidade-49');
insert into meioApoio values (1, 'Entidade-50');
insert into meioApoio values(2, 'Entidade-50');
insert into meioApoio values (1, 'Entidade-51');
insert into meioApoio values(2, 'Entidade-51');
insert into meioApoio values (1, 'Entidade-52');
insert into meioApoio values(2, 'Entidade-52');
insert into meioApoio values (1, 'Entidade-53');
insert into meioApoio values(2, 'Entidade-53');
insert into meioApoio values (1, 'Entidade-54');
insert into meioApoio values(2, 'Entidade-54');
insert into meioApoio values (1, 'Entidade-55');
insert into meioApoio values(2, 'Entidade-55');
insert into meioApoio values (1, 'Entidade-56');
insert into meioApoio values(2, 'Entidade-56');
insert into meioApoio values (1, 'Entidade-57');
insert into meioApoio values(2, 'Entidade-57');
insert into meioApoio values (1, 'Entidade-58');
insert into meioApoio values(2, 'Entidade-58');
insert into meioApoio values (1, 'Entidade-59');
insert into meioApoio values(2, 'Entidade-59');
insert into meioApoio values (1, 'Entidade-60');
insert into meioApoio values(2, 'Entidade-60');
insert into meioApoio values (1, 'Entidade-61');
insert into meioApoio values(2, 'Entidade-61');
insert into meioApoio values (1, 'Entidade-62');
insert into meioApoio values(2, 'Entidade-62');
insert into meioApoio values (1, 'Entidade-63');
insert into meioApoio values(2, 'Entidade-63');
insert into meioApoio values (1, 'Entidade-64');
insert into meioApoio values(2, 'Entidade-64');
insert into meioApoio values (1, 'Entidade-65');
insert into meioApoio values(2, 'Entidade-65');
insert into meioApoio values (1, 'Entidade-66');
insert into meioApoio values(2, 'Entidade-66');
insert into meioApoio values (1, 'Entidade-67');
insert into meioApoio values(2, 'Entidade-67');
insert into meioApoio values (1, 'Entidade-68');
insert into meioApoio values(2, 'Entidade-68');
insert into meioApoio values (1, 'Entidade-69');
insert into meioApoio values(2, 'Entidade-69');
insert into meioApoio values (1, 'Entidade-70');
insert into meioApoio values(2, 'Entidade-70');
insert into meioApoio values (1, 'Entidade-71');
insert into meioApoio values(2, 'Entidade-71');
insert into meioApoio values (1, 'Entidade-72');
insert into meioApoio values(2, 'Entidade-72');
insert into meioApoio values (1, 'Entidade-73');
insert into meioApoio values(2, 'Entidade-73');
insert into meioApoio values (1, 'Entidade-74');
insert into meioApoio values(2, 'Entidade-74');
insert into meioApoio values (1, 'Entidade-75');
insert into meioApoio values(2, 'Entidade-75');
insert into meioApoio values (1, 'Entidade-76');
insert into meioApoio values(2, 'Entidade-76');
insert into meioApoio values (1, 'Entidade-77');
insert into meioApoio values(2, 'Entidade-77');
insert into meioApoio values (1, 'Entidade-78');
insert into meioApoio values(2, 'Entidade-78');
insert into meioApoio values (1, 'Entidade-79');
insert into meioApoio values(2, 'Entidade-79');
insert into meioApoio values (1, 'Entidade-80');
insert into meioApoio values(2, 'Entidade-80');
insert into meioApoio values (1, 'Entidade-81');
insert into meioApoio values(2, 'Entidade-81');
insert into meioApoio values (1, 'Entidade-82');
insert into meioApoio values(2, 'Entidade-82');
insert into meioApoio values (1, 'Entidade-83');
insert into meioApoio values(2, 'Entidade-83');
insert into meioApoio values (1, 'Entidade-84');
insert into meioApoio values(2, 'Entidade-84');
insert into meioApoio values (1, 'Entidade-85');
insert into meioApoio values(2, 'Entidade-85');
insert into meioApoio values (1, 'Entidade-86');
insert into meioApoio values(2, 'Entidade-86');
insert into meioApoio values (1, 'Entidade-87');
insert into meioApoio values(2, 'Entidade-87');
insert into meioApoio values (1, 'Entidade-88');
insert into meioApoio values(2, 'Entidade-88');
insert into meioApoio values (1, 'Entidade-89');
insert into meioApoio values(2, 'Entidade-89');
insert into meioApoio values (1, 'Entidade-90');
insert into meioApoio values(2, 'Entidade-90');
insert into meioApoio values (1, 'Entidade-91');
insert into meioApoio values (1, 'Entidade-92');
insert into meioApoio values (1, 'Entidade-93');
insert into meioApoio values (1, 'Entidade-94');
insert into meioApoio values (1, 'Entidade-95');
insert into meioApoio values (1, 'Entidade-96');
insert into meioApoio values (1, 'Entidade-97');
insert into meioApoio values (1, 'Entidade-98');
insert into meioApoio values (1, 'Entidade-99');
insert into meioApoio values (1, 'Entidade-100');

--meioSocorro
insert into meioSocorro values (3, 'Entidade-1');
insert into meioSocorro values (3, 'Entidade-2');
insert into meioSocorro values (3, 'Entidade-3');
insert into meioSocorro values (3, 'Entidade-4');
insert into meioSocorro values (3, 'Entidade-5');
insert into meioSocorro values (3, 'Entidade-6');
insert into meioSocorro values (3, 'Entidade-7');
insert into meioSocorro values (3, 'Entidade-8');
insert into meioSocorro values (3, 'Entidade-9');
insert into meioSocorro values (3, 'Entidade-10');
insert into meioSocorro values (3, 'Entidade-11');
insert into meioSocorro values (3, 'Entidade-12');
insert into meioSocorro values (3, 'Entidade-13');
insert into meioSocorro values (3, 'Entidade-14');
insert into meioSocorro values (3, 'Entidade-15');
insert into meioSocorro values (3, 'Entidade-16');
insert into meioSocorro values (3, 'Entidade-17');
insert into meioSocorro values (3, 'Entidade-18');
insert into meioSocorro values (3, 'Entidade-19');
insert into meioSocorro values (3, 'Entidade-20');
insert into meioSocorro values (3, 'Entidade-21');
insert into meioSocorro values (3, 'Entidade-22');
insert into meioSocorro values (3, 'Entidade-23');
insert into meioSocorro values (3, 'Entidade-24');
insert into meioSocorro values (3, 'Entidade-25');
insert into meioSocorro values (3, 'Entidade-26');
insert into meioSocorro values (3, 'Entidade-27');
insert into meioSocorro values (3, 'Entidade-28');
insert into meioSocorro values (3, 'Entidade-29');
insert into meioSocorro values (3, 'Entidade-30');
insert into meioSocorro values (3, 'Entidade-31');
insert into meioSocorro values (3, 'Entidade-32');
insert into meioSocorro values (3, 'Entidade-33');
insert into meioSocorro values (3, 'Entidade-34');
insert into meioSocorro values (3, 'Entidade-35');
insert into meioSocorro values (3, 'Entidade-36');
insert into meioSocorro values (3, 'Entidade-37');
insert into meioSocorro values (3, 'Entidade-38');
insert into meioSocorro values (3, 'Entidade-39');
insert into meioSocorro values (3, 'Entidade-40');
insert into meioSocorro values (3, 'Entidade-41');
insert into meioSocorro values (3, 'Entidade-42');
insert into meioSocorro values (3, 'Entidade-43');
insert into meioSocorro values (3, 'Entidade-44');
insert into meioSocorro values (3, 'Entidade-45');
insert into meioSocorro values (3, 'Entidade-46');
insert into meioSocorro values (3, 'Entidade-47');
insert into meioSocorro values (3, 'Entidade-48');
insert into meioSocorro values (3, 'Entidade-49');
insert into meioSocorro values (3, 'Entidade-50');
insert into meioSocorro values (3, 'Entidade-51');
insert into meioSocorro values (3, 'Entidade-52');
insert into meioSocorro values (3, 'Entidade-53');
insert into meioSocorro values (3, 'Entidade-54');
insert into meioSocorro values (3, 'Entidade-55');
insert into meioSocorro values (3, 'Entidade-56');
insert into meioSocorro values (3, 'Entidade-57');
insert into meioSocorro values (3, 'Entidade-58');
insert into meioSocorro values (3, 'Entidade-59');
insert into meioSocorro values (3, 'Entidade-60');
insert into meioSocorro values (3, 'Entidade-61');
insert into meioSocorro values (3, 'Entidade-62');
insert into meioSocorro values (3, 'Entidade-63');
insert into meioSocorro values (3, 'Entidade-64');
insert into meioSocorro values (3, 'Entidade-65');
insert into meioSocorro values (3, 'Entidade-66');
insert into meioSocorro values (3, 'Entidade-67');
insert into meioSocorro values (3, 'Entidade-68');
insert into meioSocorro values (3, 'Entidade-69');
insert into meioSocorro values (3, 'Entidade-70');
insert into meioSocorro values (3, 'Entidade-71');
insert into meioSocorro values (3, 'Entidade-72');
insert into meioSocorro values (3, 'Entidade-73');
insert into meioSocorro values (3, 'Entidade-74');
insert into meioSocorro values (3, 'Entidade-75');
insert into meioSocorro values (3, 'Entidade-76');
insert into meioSocorro values (3, 'Entidade-77');
insert into meioSocorro values (3, 'Entidade-78');
insert into meioSocorro values (3, 'Entidade-79');
insert into meioSocorro values (3, 'Entidade-80');
insert into meioSocorro values (3, 'Entidade-81');
insert into meioSocorro values (3, 'Entidade-82');
insert into meioSocorro values (3, 'Entidade-83');
insert into meioSocorro values (3, 'Entidade-84');
insert into meioSocorro values (3, 'Entidade-85');
insert into meioSocorro values (3, 'Entidade-86');
insert into meioSocorro values (3, 'Entidade-87');
insert into meioSocorro values (3, 'Entidade-88');
insert into meioSocorro values (3, 'Entidade-89');
insert into meioSocorro values (3, 'Entidade-90');
insert into meioSocorro values (3, 'Entidade-91');
insert into meioSocorro values (3, 'Entidade-92');
insert into meioSocorro values (3, 'Entidade-93');
insert into meioSocorro values (3, 'Entidade-94');
insert into meioSocorro values (3, 'Entidade-95');
insert into meioSocorro values (3, 'Entidade-96');
insert into meioSocorro values (3, 'Entidade-97');
insert into meioSocorro values (3, 'Entidade-98');
insert into meioSocorro values (3, 'Entidade-99');
insert into meioSocorro values (3, 'Entidade-100');
insert into meioSocorro values(4, 'ASAE');

--transporta
insert into transporta values (3, 'Entidade-1', 30, 1);
insert into transporta values (3, 'Entidade-1', 90, 2);
insert into transporta values (3, 'Entidade-2', 70, 3);
insert into transporta values (3, 'Entidade-2', 80, 4);
insert into transporta values (3, 'Entidade-2', 60, 5);
insert into transporta values (3, 'Entidade-3', 70, 6);
insert into transporta values (3, 'Entidade-3', 40, 7);
insert into transporta values (3, 'Entidade-3', 60, 8);
insert into transporta values (3, 'Entidade-4', 120, 9);
insert into transporta values (3, 'Entidade-4', 20, 10);
insert into transporta values (3, 'Entidade-4', 90, 11);
insert into transporta values (3, 'Entidade-5', 80, 12);
insert into transporta values (3, 'Entidade-5', 60, 13);
insert into transporta values (3, 'Entidade-5', 60, 14);
insert into transporta values (3, 'Entidade-6', 90, 15);
insert into transporta values (3, 'Entidade-6', 70, 16);
insert into transporta values (3, 'Entidade-6', 100, 17);
insert into transporta values (3, 'Entidade-7', 100, 18);
insert into transporta values (3, 'Entidade-7', 40, 19);
insert into transporta values (3, 'Entidade-7', 60, 20);
insert into transporta values (3, 'Entidade-8', 120, 21);
insert into transporta values (3, 'Entidade-8', 10, 22);
insert into transporta values (3, 'Entidade-8', 100, 23);
insert into transporta values (3, 'Entidade-9', 50, 24);
insert into transporta values (3, 'Entidade-9', 10, 25);
insert into transporta values (3, 'Entidade-9', 90, 26);
insert into transporta values (3, 'Entidade-10', 10, 27);
insert into transporta values (3, 'Entidade-10', 60, 28);
insert into transporta values (3, 'Entidade-10', 40, 29);
insert into transporta values (3, 'Entidade-11', 80, 30);
insert into transporta values (3, 'Entidade-11', 40, 31);
insert into transporta values (3, 'Entidade-11', 70, 32);
insert into transporta values (3, 'Entidade-12', 70, 33);
insert into transporta values (3, 'Entidade-12', 90, 34);
insert into transporta values (3, 'Entidade-12', 90, 35);
insert into transporta values (3, 'Entidade-13', 100, 36);
insert into transporta values (3, 'Entidade-13', 60, 37);
insert into transporta values (3, 'Entidade-13', 10, 38);
insert into transporta values (3, 'Entidade-14', 50, 39);
insert into transporta values (3, 'Entidade-14', 100, 40);
insert into transporta values (3, 'Entidade-14', 70, 41);
insert into transporta values (3, 'Entidade-15', 60, 42);
insert into transporta values (3, 'Entidade-15', 60, 43);
insert into transporta values (3, 'Entidade-15', 10, 44);
insert into transporta values (3, 'Entidade-16', 50, 45);
insert into transporta values (3, 'Entidade-16', 70, 46);
insert into transporta values (3, 'Entidade-16', 120, 47);
insert into transporta values (3, 'Entidade-17', 110, 48);
insert into transporta values (3, 'Entidade-17', 30, 49);
insert into transporta values (3, 'Entidade-17', 90, 50);
insert into transporta values (3, 'Entidade-18', 20, 51);
insert into transporta values (3, 'Entidade-18', 110, 52);
insert into transporta values (3, 'Entidade-18', 40, 53);
insert into transporta values (3, 'Entidade-19', 60, 54);
insert into transporta values (3, 'Entidade-19', 30, 55);
insert into transporta values (3, 'Entidade-19', 110, 56);
insert into transporta values (3, 'Entidade-20', 60, 57);
insert into transporta values (3, 'Entidade-20', 80, 58);
insert into transporta values (3, 'Entidade-20', 80, 59);
insert into transporta values (3, 'Entidade-21', 60, 60);
insert into transporta values (3, 'Entidade-21', 90, 61);
insert into transporta values (3, 'Entidade-21', 50, 62);
insert into transporta values (3, 'Entidade-22', 70, 63);
insert into transporta values (3, 'Entidade-22', 40, 64);
insert into transporta values (3, 'Entidade-22', 70, 65);
insert into transporta values (3, 'Entidade-23', 30, 66);
insert into transporta values (3, 'Entidade-23', 70, 67);
insert into transporta values (3, 'Entidade-23', 40, 68);
insert into transporta values (3, 'Entidade-24', 50, 69);
insert into transporta values (3, 'Entidade-24', 80, 70);
insert into transporta values (3, 'Entidade-24', 90, 71);
insert into transporta values (3, 'Entidade-25', 110, 72);
insert into transporta values (3, 'Entidade-25', 100, 73);
insert into transporta values (3, 'Entidade-25', 70, 74);
insert into transporta values (3, 'Entidade-26', 30, 75);
insert into transporta values (3, 'Entidade-26', 110, 76);
insert into transporta values (3, 'Entidade-26', 80, 77);
insert into transporta values (3, 'Entidade-27', 30, 78);
insert into transporta values (3, 'Entidade-27', 110, 79);
insert into transporta values (3, 'Entidade-27', 20, 80);
insert into transporta values (3, 'Entidade-28', 120, 81);
insert into transporta values (3, 'Entidade-28', 60, 82);
insert into transporta values (3, 'Entidade-28', 20, 83);
insert into transporta values (3, 'Entidade-29', 30, 84);
insert into transporta values (3, 'Entidade-29', 70, 85);
insert into transporta values (3, 'Entidade-29', 20, 86);
insert into transporta values (3, 'Entidade-30', 100, 87);
insert into transporta values (3, 'Entidade-30', 60, 88);
insert into transporta values (3, 'Entidade-30', 90, 89);
insert into transporta values (3, 'Entidade-31', 40, 90);
insert into transporta values (3, 'Entidade-31', 100, 91);
insert into transporta values (3, 'Entidade-31', 10, 92);
insert into transporta values (3, 'Entidade-32', 10, 93);
insert into transporta values (3, 'Entidade-32', 90, 94);
insert into transporta values (3, 'Entidade-32', 20, 95);
insert into transporta values (3, 'Entidade-33', 80, 96);
insert into transporta values (3, 'Entidade-33', 50, 97);
insert into transporta values (3, 'Entidade-33', 60, 98);
insert into transporta values (3, 'Entidade-34', 30, 99);
insert into transporta values (3, 'Entidade-34', 80, 100);

--alocado


--acciona
insert into acciona values(1, 'Entidade-1', 1);
insert into acciona values(2, 'Entidade-1', 1);
insert into acciona values(3, 'Entidade-1', 1);
insert into acciona values(1, 'ASAE', 1);
insert into acciona values(1, 'Entidade-2', 2);
insert into acciona values(2, 'Entidade-2', 2);
insert into acciona values(3, 'Entidade-2', 2);
insert into acciona values(1, 'ASAE', 2);
insert into acciona values(1, 'Entidade-3', 3);
insert into acciona values(2, 'Entidade-3', 3);
insert into acciona values(3, 'Entidade-3', 3);
insert into acciona values(1, 'ASAE', 3);
insert into acciona values(1, 'Entidade-4', 4);
insert into acciona values(2, 'Entidade-4', 4);
insert into acciona values(3, 'Entidade-4', 4);
insert into acciona values(1, 'ASAE', 4);
insert into acciona values(1, 'Entidade-5', 5);
insert into acciona values(2, 'Entidade-5', 5);
insert into acciona values(3, 'Entidade-5', 5);
insert into acciona values(1, 'ASAE', 5);
insert into acciona values(1, 'Entidade-6', 6);
insert into acciona values(2, 'Entidade-6', 6);
insert into acciona values(3, 'Entidade-6', 6);
insert into acciona values(1, 'ASAE', 6);
insert into acciona values(1, 'Entidade-7', 7);
insert into acciona values(2, 'Entidade-7', 7);
insert into acciona values(3, 'Entidade-7', 7);
insert into acciona values(1, 'ASAE', 7);
insert into acciona values(1, 'Entidade-8', 8);
insert into acciona values(2, 'Entidade-8', 8);
insert into acciona values(3, 'Entidade-8', 8);
insert into acciona values(1, 'ASAE', 8);
insert into acciona values(1, 'Entidade-9', 9);
insert into acciona values(2, 'Entidade-9', 9);
insert into acciona values(3, 'Entidade-9', 9);
insert into acciona values(1, 'ASAE', 9);
insert into acciona values(1, 'Entidade-10', 10);
insert into acciona values(2, 'Entidade-10', 10);
insert into acciona values(3, 'Entidade-10', 10);
insert into acciona values(1, 'ASAE', 10);
insert into acciona values(1, 'Entidade-11', 11);
insert into acciona values(2, 'Entidade-11', 11);
insert into acciona values(3, 'Entidade-11', 11);
insert into acciona values(1, 'ASAE', 11);
insert into acciona values(1, 'Entidade-12', 12);
insert into acciona values(2, 'Entidade-12', 12);
insert into acciona values(3, 'Entidade-12', 12);
insert into acciona values(1, 'ASAE', 12);
insert into acciona values(1, 'Entidade-13', 13);
insert into acciona values(2, 'Entidade-13', 13);
insert into acciona values(3, 'Entidade-13', 13);
insert into acciona values(1, 'ASAE', 13);
insert into acciona values(1, 'Entidade-14', 14);
insert into acciona values(2, 'Entidade-14', 14);
insert into acciona values(3, 'Entidade-14', 14);
insert into acciona values(1, 'ASAE', 14);
insert into acciona values(1, 'Entidade-15', 15);
insert into acciona values(2, 'Entidade-15', 15);
insert into acciona values(3, 'Entidade-15', 15);
insert into acciona values(1, 'ASAE', 15);
insert into acciona values(1, 'Entidade-16', 16);
insert into acciona values(2, 'Entidade-16', 16);
insert into acciona values(3, 'Entidade-16', 16);
insert into acciona values(1, 'ASAE', 16);
insert into acciona values(1, 'Entidade-17', 17);
insert into acciona values(2, 'Entidade-17', 17);
insert into acciona values(3, 'Entidade-17', 17);
insert into acciona values(1, 'ASAE', 17);
insert into acciona values(1, 'Entidade-18', 18);
insert into acciona values(2, 'Entidade-18', 18);
insert into acciona values(3, 'Entidade-18', 18);
insert into acciona values(1, 'ASAE', 18);
insert into acciona values(1, 'Entidade-19', 19);
insert into acciona values(2, 'Entidade-19', 19);
insert into acciona values(3, 'Entidade-19', 19);
insert into acciona values(1, 'ASAE', 19);
insert into acciona values(1, 'Entidade-20', 20);
insert into acciona values(2, 'Entidade-20', 20);
insert into acciona values(3, 'Entidade-20', 20);
insert into acciona values(1, 'ASAE', 20);
insert into acciona values(1, 'Entidade-21', 21);
insert into acciona values(2, 'Entidade-21', 21);
insert into acciona values(3, 'Entidade-21', 21);
insert into acciona values(1, 'ASAE', 21);
insert into acciona values(1, 'Entidade-22', 22);
insert into acciona values(2, 'Entidade-22', 22);
insert into acciona values(3, 'Entidade-22', 22);
insert into acciona values(1, 'ASAE', 22);
insert into acciona values(1, 'Entidade-23', 23);
insert into acciona values(2, 'Entidade-23', 23);
insert into acciona values(3, 'Entidade-23', 23);
insert into acciona values(1, 'ASAE', 23);
insert into acciona values(1, 'Entidade-24', 24);
insert into acciona values(2, 'Entidade-24', 24);
insert into acciona values(3, 'Entidade-24', 24);
insert into acciona values(1, 'ASAE', 24);
insert into acciona values(1, 'Entidade-25', 25);
insert into acciona values(2, 'Entidade-25', 25);
insert into acciona values(3, 'Entidade-25', 25);
insert into acciona values(1, 'ASAE', 25);
insert into acciona values(1, 'Entidade-26', 26);
insert into acciona values(2, 'Entidade-26', 26);
insert into acciona values(3, 'Entidade-26', 26);
insert into acciona values(1, 'ASAE', 26);
insert into acciona values(1, 'Entidade-27', 27);
insert into acciona values(2, 'Entidade-27', 27);
insert into acciona values(3, 'Entidade-27', 27);
insert into acciona values(1, 'ASAE', 27);
insert into acciona values(1, 'Entidade-28', 28);
insert into acciona values(2, 'Entidade-28', 28);
insert into acciona values(3, 'Entidade-28', 28);
insert into acciona values(1, 'ASAE', 28);
insert into acciona values(1, 'Entidade-29', 29);
insert into acciona values(2, 'Entidade-29', 29);
insert into acciona values(3, 'Entidade-29', 29);
insert into acciona values(1, 'ASAE', 29);
insert into acciona values(1, 'Entidade-30', 30);
insert into acciona values(2, 'Entidade-30', 30);
insert into acciona values(3, 'Entidade-30', 30);
insert into acciona values(1, 'ASAE', 30);
insert into acciona values(1, 'Entidade-31', 31);
insert into acciona values(2, 'Entidade-31', 31);
insert into acciona values(3, 'Entidade-31', 31);
insert into acciona values(1, 'ASAE', 31);
insert into acciona values(1, 'Entidade-32', 32);
insert into acciona values(2, 'Entidade-32', 32);
insert into acciona values(3, 'Entidade-32', 32);
insert into acciona values(1, 'ASAE', 32);
insert into acciona values(1, 'Entidade-33', 33);
insert into acciona values(2, 'Entidade-33', 33);
insert into acciona values(3, 'Entidade-33', 33);
insert into acciona values(1, 'ASAE', 33);
insert into acciona values(1, 'Entidade-34', 34);
insert into acciona values(2, 'Entidade-34', 34);
insert into acciona values(3, 'Entidade-34', 34);
insert into acciona values(1, 'ASAE', 34);
insert into acciona values(1, 'Entidade-35', 35);
insert into acciona values(2, 'Entidade-35', 35);
insert into acciona values(3, 'Entidade-35', 35);
insert into acciona values(1, 'ASAE', 35);
insert into acciona values(1, 'Entidade-36', 36);
insert into acciona values(2, 'Entidade-36', 36);
insert into acciona values(3, 'Entidade-36', 36);
insert into acciona values(1, 'ASAE', 36);
insert into acciona values(1, 'Entidade-37', 37);
insert into acciona values(2, 'Entidade-37', 37);
insert into acciona values(3, 'Entidade-37', 37);
insert into acciona values(1, 'ASAE', 37);
insert into acciona values(1, 'Entidade-38', 38);
insert into acciona values(2, 'Entidade-38', 38);
insert into acciona values(3, 'Entidade-38', 38);
insert into acciona values(1, 'ASAE', 38);
insert into acciona values(1, 'Entidade-39', 39);
insert into acciona values(2, 'Entidade-39', 39);
insert into acciona values(3, 'Entidade-39', 39);
insert into acciona values(1, 'ASAE', 39);
insert into acciona values(1, 'Entidade-40', 40);
insert into acciona values(2, 'Entidade-40', 40);
insert into acciona values(3, 'Entidade-40', 40);
insert into acciona values(1, 'ASAE', 40);
insert into acciona values(1, 'Entidade-41', 41);
insert into acciona values(2, 'Entidade-41', 41);
insert into acciona values(3, 'Entidade-41', 41);
insert into acciona values(1, 'ASAE', 41);
insert into acciona values(1, 'Entidade-42', 42);
insert into acciona values(2, 'Entidade-42', 42);
insert into acciona values(3, 'Entidade-42', 42);
insert into acciona values(1, 'ASAE', 42);
insert into acciona values(1, 'Entidade-43', 43);
insert into acciona values(2, 'Entidade-43', 43);
insert into acciona values(3, 'Entidade-43', 43);
insert into acciona values(1, 'ASAE', 43);
insert into acciona values(1, 'Entidade-44', 44);
insert into acciona values(2, 'Entidade-44', 44);
insert into acciona values(3, 'Entidade-44', 44);
insert into acciona values(1, 'ASAE', 44);
insert into acciona values(1, 'Entidade-45', 45);
insert into acciona values(2, 'Entidade-45', 45);
insert into acciona values(3, 'Entidade-45', 45);
insert into acciona values(1, 'ASAE', 45);
insert into acciona values(1, 'Entidade-46', 46);
insert into acciona values(2, 'Entidade-46', 46);
insert into acciona values(3, 'Entidade-46', 46);
insert into acciona values(1, 'ASAE', 46);
insert into acciona values(1, 'Entidade-47', 47);
insert into acciona values(2, 'Entidade-47', 47);
insert into acciona values(3, 'Entidade-47', 47);
insert into acciona values(1, 'ASAE', 47);
insert into acciona values(1, 'Entidade-48', 48);
insert into acciona values(2, 'Entidade-48', 48);
insert into acciona values(3, 'Entidade-48', 48);
insert into acciona values(1, 'ASAE', 48);
insert into acciona values(1, 'Entidade-49', 49);
insert into acciona values(2, 'Entidade-49', 49);
insert into acciona values(3, 'Entidade-49', 49);
insert into acciona values(1, 'ASAE', 49);
insert into acciona values(1, 'Entidade-50', 50);
insert into acciona values(2, 'Entidade-50', 50);
insert into acciona values(3, 'Entidade-50', 50);
insert into acciona values(1, 'ASAE', 50);
insert into acciona values(1, 'Entidade-51', 51);
insert into acciona values(2, 'Entidade-51', 51);
insert into acciona values(3, 'Entidade-51', 51);
insert into acciona values(1, 'ASAE', 51);
insert into acciona values(1, 'Entidade-52', 52);
insert into acciona values(2, 'Entidade-52', 52);
insert into acciona values(3, 'Entidade-52', 52);
insert into acciona values(1, 'ASAE', 52);
insert into acciona values(1, 'Entidade-53', 53);
insert into acciona values(2, 'Entidade-53', 53);
insert into acciona values(3, 'Entidade-53', 53);
insert into acciona values(1, 'ASAE', 53);
insert into acciona values(1, 'Entidade-54', 54);
insert into acciona values(2, 'Entidade-54', 54);
insert into acciona values(3, 'Entidade-54', 54);
insert into acciona values(1, 'ASAE', 54);
insert into acciona values(1, 'Entidade-55', 55);
insert into acciona values(2, 'Entidade-55', 55);
insert into acciona values(3, 'Entidade-55', 55);
insert into acciona values(1, 'ASAE', 55);
insert into acciona values(1, 'Entidade-56', 56);
insert into acciona values(2, 'Entidade-56', 56);
insert into acciona values(3, 'Entidade-56', 56);
insert into acciona values(1, 'ASAE', 56);
insert into acciona values(1, 'Entidade-57', 57);
insert into acciona values(2, 'Entidade-57', 57);
insert into acciona values(3, 'Entidade-57', 57);
insert into acciona values(1, 'ASAE', 57);
insert into acciona values(1, 'Entidade-58', 58);
insert into acciona values(2, 'Entidade-58', 58);
insert into acciona values(3, 'Entidade-58', 58);
insert into acciona values(1, 'ASAE', 58);
insert into acciona values(1, 'Entidade-59', 59);
insert into acciona values(2, 'Entidade-59', 59);
insert into acciona values(3, 'Entidade-59', 59);
insert into acciona values(1, 'ASAE', 59);
insert into acciona values(1, 'Entidade-60', 60);
insert into acciona values(2, 'Entidade-60', 60);
insert into acciona values(3, 'Entidade-60', 60);
insert into acciona values(1, 'ASAE', 60);
insert into acciona values(1, 'Entidade-61', 61);
insert into acciona values(2, 'Entidade-61', 61);
insert into acciona values(3, 'Entidade-61', 61);
insert into acciona values(1, 'ASAE', 61);
insert into acciona values(1, 'Entidade-62', 62);
insert into acciona values(2, 'Entidade-62', 62);
insert into acciona values(3, 'Entidade-62', 62);
insert into acciona values(1, 'ASAE', 62);
insert into acciona values(1, 'Entidade-63', 63);
insert into acciona values(2, 'Entidade-63', 63);
insert into acciona values(3, 'Entidade-63', 63);
insert into acciona values(1, 'ASAE', 63);
insert into acciona values(1, 'Entidade-64', 64);
insert into acciona values(2, 'Entidade-64', 64);
insert into acciona values(3, 'Entidade-64', 64);
insert into acciona values(1, 'ASAE', 64);
insert into acciona values(1, 'Entidade-65', 65);
insert into acciona values(2, 'Entidade-65', 65);
insert into acciona values(3, 'Entidade-65', 65);
insert into acciona values(1, 'ASAE', 65);
insert into acciona values(1, 'Entidade-66', 66);
insert into acciona values(2, 'Entidade-66', 66);
insert into acciona values(3, 'Entidade-66', 66);
insert into acciona values(1, 'ASAE', 66);
insert into acciona values(1, 'Entidade-67', 67);
insert into acciona values(2, 'Entidade-67', 67);
insert into acciona values(3, 'Entidade-67', 67);
insert into acciona values(1, 'ASAE', 67);
insert into acciona values(1, 'Entidade-68', 68);
insert into acciona values(2, 'Entidade-68', 68);
insert into acciona values(3, 'Entidade-68', 68);
insert into acciona values(1, 'ASAE', 68);
insert into acciona values(1, 'Entidade-69', 69);
insert into acciona values(2, 'Entidade-69', 69);
insert into acciona values(3, 'Entidade-69', 69);
insert into acciona values(1, 'ASAE', 69);
insert into acciona values(1, 'Entidade-70', 70);
insert into acciona values(2, 'Entidade-70', 70);
insert into acciona values(3, 'Entidade-70', 70);
insert into acciona values(1, 'ASAE', 70);
insert into acciona values(1, 'Entidade-71', 71);
insert into acciona values(2, 'Entidade-71', 71);
insert into acciona values(3, 'Entidade-71', 71);
insert into acciona values(1, 'ASAE', 71);
insert into acciona values(1, 'Entidade-72', 72);
insert into acciona values(2, 'Entidade-72', 72);
insert into acciona values(3, 'Entidade-72', 72);
insert into acciona values(1, 'ASAE', 72);
insert into acciona values(1, 'Entidade-73', 73);
insert into acciona values(2, 'Entidade-73', 73);
insert into acciona values(3, 'Entidade-73', 73);
insert into acciona values(1, 'ASAE', 73);
insert into acciona values(1, 'Entidade-74', 74);
insert into acciona values(2, 'Entidade-74', 74);
insert into acciona values(3, 'Entidade-74', 74);
insert into acciona values(1, 'ASAE', 74);
insert into acciona values(1, 'Entidade-75', 75);
insert into acciona values(2, 'Entidade-75', 75);
insert into acciona values(3, 'Entidade-75', 75);
insert into acciona values(1, 'ASAE', 75);
insert into acciona values(1, 'Entidade-76', 76);
insert into acciona values(2, 'Entidade-76', 76);
insert into acciona values(3, 'Entidade-76', 76);
insert into acciona values(1, 'ASAE', 76);
insert into acciona values(1, 'Entidade-77', 77);
insert into acciona values(2, 'Entidade-77', 77);
insert into acciona values(3, 'Entidade-77', 77);
insert into acciona values(1, 'ASAE', 77);
insert into acciona values(1, 'Entidade-78', 78);
insert into acciona values(2, 'Entidade-78', 78);
insert into acciona values(3, 'Entidade-78', 78);
insert into acciona values(1, 'ASAE', 78);
insert into acciona values(1, 'Entidade-79', 79);
insert into acciona values(2, 'Entidade-79', 79);
insert into acciona values(3, 'Entidade-79', 79);
insert into acciona values(1, 'ASAE', 79);
insert into acciona values(1, 'Entidade-80', 80);
insert into acciona values(2, 'Entidade-80', 80);
insert into acciona values(3, 'Entidade-80', 80);
insert into acciona values(1, 'ASAE', 80);
insert into acciona values(1, 'Entidade-81', 81);
insert into acciona values(2, 'Entidade-81', 81);
insert into acciona values(3, 'Entidade-81', 81);
insert into acciona values(1, 'ASAE', 81);
insert into acciona values(1, 'Entidade-82', 82);
insert into acciona values(2, 'Entidade-82', 82);
insert into acciona values(3, 'Entidade-82', 82);
insert into acciona values(1, 'ASAE', 82);
insert into acciona values(1, 'Entidade-83', 83);
insert into acciona values(2, 'Entidade-83', 83);
insert into acciona values(3, 'Entidade-83', 83);
insert into acciona values(1, 'ASAE', 83);
insert into acciona values(1, 'Entidade-84', 84);
insert into acciona values(2, 'Entidade-84', 84);
insert into acciona values(3, 'Entidade-84', 84);
insert into acciona values(1, 'ASAE', 84);
insert into acciona values(1, 'Entidade-85', 85);
insert into acciona values(2, 'Entidade-85', 85);
insert into acciona values(3, 'Entidade-85', 85);
insert into acciona values(1, 'ASAE', 85);
insert into acciona values(1, 'Entidade-86', 86);
insert into acciona values(2, 'Entidade-86', 86);
insert into acciona values(3, 'Entidade-86', 86);
insert into acciona values(1, 'ASAE', 86);
insert into acciona values(1, 'Entidade-87', 87);
insert into acciona values(2, 'Entidade-87', 87);
insert into acciona values(3, 'Entidade-87', 87);
insert into acciona values(1, 'ASAE', 87);
insert into acciona values(1, 'Entidade-88', 88);
insert into acciona values(2, 'Entidade-88', 88);
insert into acciona values(3, 'Entidade-88', 88);
insert into acciona values(1, 'ASAE', 88);
insert into acciona values(1, 'Entidade-89', 89);
insert into acciona values(2, 'Entidade-89', 89);
insert into acciona values(3, 'Entidade-89', 89);
insert into acciona values(1, 'ASAE', 89);
insert into acciona values(1, 'Entidade-90', 90);
insert into acciona values(2, 'Entidade-90', 90);
insert into acciona values(3, 'Entidade-90', 90);
insert into acciona values(1, 'ASAE', 90);
insert into acciona values(1, 'Entidade-91', 91);
insert into acciona values(2, 'Entidade-91', 91);
insert into acciona values(3, 'Entidade-91', 91);
insert into acciona values(1, 'ASAE', 91);
insert into acciona values(1, 'Entidade-92', 92);
insert into acciona values(2, 'Entidade-92', 92);
insert into acciona values(3, 'Entidade-92', 92);
insert into acciona values(1, 'ASAE', 92);
insert into acciona values(1, 'Entidade-93', 93);
insert into acciona values(2, 'Entidade-93', 93);
insert into acciona values(3, 'Entidade-93', 93);
insert into acciona values(1, 'ASAE', 93);
insert into acciona values(1, 'Entidade-94', 94);
insert into acciona values(2, 'Entidade-94', 94);
insert into acciona values(3, 'Entidade-94', 94);
insert into acciona values(1, 'ASAE', 94);
insert into acciona values(1, 'Entidade-95', 95);
insert into acciona values(2, 'Entidade-95', 95);
insert into acciona values(3, 'Entidade-95', 95);
insert into acciona values(1, 'ASAE', 95);
insert into acciona values(1, 'Entidade-96', 96);
insert into acciona values(2, 'Entidade-96', 96);
insert into acciona values(3, 'Entidade-96', 96);
insert into acciona values(1, 'ASAE', 96);
insert into acciona values(1, 'Entidade-97', 97);
insert into acciona values(2, 'Entidade-97', 97);
insert into acciona values(3, 'Entidade-97', 97);
insert into acciona values(1, 'ASAE', 97);
insert into acciona values(1, 'Entidade-98', 98);
insert into acciona values(2, 'Entidade-98', 98);
insert into acciona values(3, 'Entidade-98', 98);
insert into acciona values(1, 'ASAE', 98);
insert into acciona values(1, 'Entidade-99', 99);
insert into acciona values(2, 'Entidade-99', 99);
insert into acciona values(3, 'Entidade-99', 99);
insert into acciona values(1, 'ASAE', 99);
insert into acciona values(1, 'Entidade-100', 100);
insert into acciona values(2, 'Entidade-100', 100);
insert into acciona values(3, 'Entidade-100', 100);
insert into acciona values(1, 'ASAE', 100);
insert into acciona values(4, 'ASAE', 93);
insert into acciona values(1, 'Entidade-1', 101);
insert into acciona values(1, 'ASAE', 101);

  insert into alocado values (1, 'Entidade-1', 9, 1);
  insert into alocado values (1, 'Entidade-1', 8, 2);
  insert into alocado values (1, 'Entidade-2', 10, 3);
  insert into alocado values (1, 'Entidade-2', 3, 4);
  insert into alocado values (1, 'Entidade-2', 4, 5);
  insert into alocado values (1, 'Entidade-3', 12, 6);
  insert into alocado values (1, 'Entidade-3', 6, 7);
  insert into alocado values (1, 'Entidade-3', 9, 8);
  insert into alocado values (1, 'Entidade-4', 12, 9);
  insert into alocado values (1, 'Entidade-4', 6, 10);
  insert into alocado values (1, 'Entidade-4', 11, 11);
  insert into alocado values (1, 'Entidade-5', 1, 12);
  insert into alocado values (1, 'Entidade-5', 2, 13);
  insert into alocado values (1, 'Entidade-5', 4, 14);
  insert into alocado values (1, 'Entidade-6', 6, 15);
  insert into alocado values (1, 'Entidade-6', 11, 16);
  insert into alocado values (1, 'Entidade-6', 3, 17);
  insert into alocado values (1, 'Entidade-7', 11, 18);
  insert into alocado values (1, 'Entidade-7', 4, 19);
  insert into alocado values (1, 'Entidade-7', 10, 20);
  insert into alocado values (1, 'Entidade-8', 11, 21);
  insert into alocado values (1, 'Entidade-8', 3, 22);
  insert into alocado values (1, 'Entidade-8', 6, 23);
  insert into alocado values (1, 'Entidade-9', 6, 24);
  insert into alocado values (1, 'Entidade-9', 4, 25);
  insert into alocado values (1, 'Entidade-9', 5, 26);
  insert into alocado values (1, 'Entidade-10', 8, 27);
  insert into alocado values (1, 'Entidade-10', 6, 28);
  insert into alocado values (1, 'Entidade-10', 7, 29);
  insert into alocado values (1, 'Entidade-11', 7, 30);
  insert into alocado values (1, 'Entidade-11', 6, 31);
  insert into alocado values (1, 'Entidade-11', 1, 32);
  insert into alocado values (1, 'Entidade-12', 4, 33);
  insert into alocado values (1, 'Entidade-12', 6, 34);
  insert into alocado values (1, 'Entidade-12', 5, 35);
  insert into alocado values (1, 'Entidade-13', 4, 36);
  insert into alocado values (1, 'Entidade-13', 2, 37);
  insert into alocado values (1, 'Entidade-13', 5, 38);
  insert into alocado values (1, 'Entidade-14', 10, 39);
  insert into alocado values (1, 'Entidade-14', 4, 40);
  insert into alocado values (1, 'Entidade-14', 12, 41);
  insert into alocado values (1, 'Entidade-15', 3, 42);
  insert into alocado values (1, 'Entidade-15', 12, 43);
  insert into alocado values (1, 'Entidade-15', 7, 44);
  insert into alocado values (1, 'Entidade-16', 3, 45);
  insert into alocado values (1, 'Entidade-16', 6, 46);
  insert into alocado values (1, 'Entidade-16', 5, 47);
  insert into alocado values (1, 'Entidade-17', 9, 48);
  insert into alocado values (1, 'Entidade-17', 10, 49);
  insert into alocado values (1, 'Entidade-17', 5, 50);
  insert into alocado values (1, 'Entidade-18', 4, 51);
  insert into alocado values (1, 'Entidade-18', 9, 52);
  insert into alocado values (1, 'Entidade-18', 2, 53);
  insert into alocado values (1, 'Entidade-19', 7, 54);
  insert into alocado values (1, 'Entidade-19', 9, 55);
  insert into alocado values (1, 'Entidade-19', 6, 56);
  insert into alocado values (1, 'Entidade-20', 6, 57);
  insert into alocado values (1, 'Entidade-20', 1, 58);
  insert into alocado values (1, 'Entidade-20', 8, 59);
  insert into alocado values (1, 'Entidade-21', 2, 60);
  insert into alocado values (1, 'Entidade-21', 6, 61);
  insert into alocado values (1, 'Entidade-21', 2, 62);
  insert into alocado values (1, 'Entidade-22', 3, 63);
  insert into alocado values (1, 'Entidade-22', 9, 64);
  insert into alocado values (1, 'Entidade-22', 5, 65);
  insert into alocado values (1, 'Entidade-23', 9, 66);
  insert into alocado values (1, 'Entidade-23', 10, 67);
  insert into alocado values (1, 'Entidade-23', 8, 68);
  insert into alocado values (1, 'Entidade-24', 2, 69);
  insert into alocado values (1, 'Entidade-24', 1, 70);
  insert into alocado values (1, 'Entidade-24', 1, 71);
  insert into alocado values (1, 'Entidade-25', 10, 72);
  insert into alocado values (1, 'Entidade-25', 11, 73);
  insert into alocado values (1, 'Entidade-25', 7, 74);
  insert into alocado values (1, 'Entidade-26', 6, 75);
  insert into alocado values (1, 'Entidade-26', 6, 76);
  insert into alocado values (1, 'Entidade-26', 7, 77);
  insert into alocado values (1, 'Entidade-27', 4, 78);
  insert into alocado values (1, 'Entidade-27', 4, 79);
  insert into alocado values (1, 'Entidade-27', 8, 80);
  insert into alocado values (1, 'Entidade-28', 10, 81);
  insert into alocado values (1, 'Entidade-28', 3, 82);
  insert into alocado values (1, 'Entidade-28', 6, 83);
  insert into alocado values (1, 'Entidade-29', 9, 84);
  insert into alocado values (1, 'Entidade-29', 8, 85);
  insert into alocado values (1, 'Entidade-29', 1, 86);
  insert into alocado values (1, 'Entidade-30', 7, 87);
  insert into alocado values (1, 'Entidade-30', 2, 88);
  insert into alocado values (1, 'Entidade-30', 1, 89);
  insert into alocado values (1, 'Entidade-31', 8, 90);
  insert into alocado values (1, 'Entidade-31', 8, 91);
  insert into alocado values (1, 'Entidade-31', 11, 92);
  insert into alocado values (1, 'Entidade-32', 2, 93);
  insert into alocado values (1, 'Entidade-32', 7, 94);
  insert into alocado values (1, 'Entidade-32', 9, 95);
  insert into alocado values (1, 'Entidade-33', 3, 96);
  insert into alocado values (1, 'Entidade-33', 1, 97);
  insert into alocado values (1, 'Entidade-33', 2, 98);
  insert into alocado values (1, 'Entidade-34', 5, 99);
  insert into alocado values (1, 'Entidade-34', 7, 100);

--coordenador
insert into coordenador values (1);
insert into coordenador values (2);
insert into coordenador values (3);
insert into coordenador values (4);
insert into coordenador values (5);
insert into coordenador values (6);
insert into coordenador values (7);
insert into coordenador values (8);
insert into coordenador values (9);
insert into coordenador values (10);
insert into coordenador values (11);
insert into coordenador values (12);
insert into coordenador values (13);
insert into coordenador values (14);
insert into coordenador values (15);
insert into coordenador values (16);
insert into coordenador values (17);
insert into coordenador values (18);
insert into coordenador values (19);
insert into coordenador values (20);
insert into coordenador values (21);
insert into coordenador values (22);
insert into coordenador values (23);
insert into coordenador values (24);
insert into coordenador values (25);
insert into coordenador values (26);
insert into coordenador values (27);
insert into coordenador values (28);
insert into coordenador values (29);
insert into coordenador values (30);
insert into coordenador values (31);
insert into coordenador values (32);
insert into coordenador values (33);
insert into coordenador values (34);
insert into coordenador values (35);
insert into coordenador values (36);
insert into coordenador values (37);
insert into coordenador values (38);
insert into coordenador values (39);
insert into coordenador values (40);
insert into coordenador values (41);
insert into coordenador values (42);
insert into coordenador values (43);
insert into coordenador values (44);
insert into coordenador values (45);
insert into coordenador values (46);
insert into coordenador values (47);
insert into coordenador values (48);
insert into coordenador values (49);
insert into coordenador values (50);
insert into coordenador values (51);
insert into coordenador values (52);
insert into coordenador values (53);
insert into coordenador values (54);
insert into coordenador values (55);
insert into coordenador values (56);
insert into coordenador values (57);
insert into coordenador values (58);
insert into coordenador values (59);
insert into coordenador values (60);
insert into coordenador values (61);
insert into coordenador values (62);
insert into coordenador values (63);
insert into coordenador values (64);
insert into coordenador values (65);
insert into coordenador values (66);
insert into coordenador values (67);
insert into coordenador values (68);
insert into coordenador values (69);
insert into coordenador values (70);
insert into coordenador values (71);
insert into coordenador values (72);
insert into coordenador values (73);
insert into coordenador values (74);
insert into coordenador values (75);
insert into coordenador values (76);
insert into coordenador values (77);
insert into coordenador values (78);
insert into coordenador values (79);
insert into coordenador values (80);
insert into coordenador values (81);
insert into coordenador values (82);
insert into coordenador values (83);
insert into coordenador values (84);
insert into coordenador values (85);
insert into coordenador values (86);
insert into coordenador values (87);
insert into coordenador values (88);
insert into coordenador values (89);
insert into coordenador values (90);
insert into coordenador values (91);
insert into coordenador values (92);
insert into coordenador values (93);
insert into coordenador values (94);
insert into coordenador values (95);
insert into coordenador values (96);
insert into coordenador values (97);
insert into coordenador values (98);
insert into coordenador values (99);
insert into coordenador values (100);
insert into coordenador values (101);
insert into coordenador values (102);
insert into coordenador values (103);
insert into coordenador values (104);
insert into coordenador values (105);
insert into coordenador values (106);
insert into coordenador values (107);
insert into coordenador values (108);
insert into coordenador values (109);
insert into coordenador values (110);
insert into coordenador values (111);
insert into coordenador values (112);
insert into coordenador values (113);
insert into coordenador values (114);
insert into coordenador values (115);
insert into coordenador values (116);
insert into coordenador values (117);
insert into coordenador values (118);
insert into coordenador values (119);
insert into coordenador values (120);
insert into coordenador values (121);
insert into coordenador values (122);
insert into coordenador values (123);
insert into coordenador values (124);
insert into coordenador values (125);
insert into coordenador values (126);
insert into coordenador values (127);
insert into coordenador values (128);
insert into coordenador values (129);
insert into coordenador values (130);
insert into coordenador values (131);
insert into coordenador values (132);
insert into coordenador values (133);
insert into coordenador values (134);
insert into coordenador values (135);
insert into coordenador values (136);
insert into coordenador values (137);
insert into coordenador values (138);
insert into coordenador values (139);
insert into coordenador values (140);
insert into coordenador values (141);
insert into coordenador values (142);
insert into coordenador values (143);
insert into coordenador values (144);
insert into coordenador values (145);
insert into coordenador values (146);
insert into coordenador values (147);
insert into coordenador values (148);
insert into coordenador values (149);
insert into coordenador values (150);

--audita
insert into audita values (1,1, 'Entidade-1', 1, '2017-03-25 00:00:00', '2017-03-26 00:00:00', '2014-06-29 00:00:00', 'uhhhhhhhhhhhhhhhhheyyayeyeyrayyayayyryeyeyayayyyryrr ai say hey whats going on');
insert into audita values (2,1, 'Entidade-2', 2, '2017-04-04 00:00:00', '2017-04-05 00:00:00', '2014-07-09 00:00:00', 'uhhhhhhhhhhhhhhhhheyyayeyeyrayyayayyryeyeyayayyyryrr ai say hey whats going on');
insert into audita values (3,1, 'Entidade-3', 3, '2017-04-14 00:00:00', '2017-04-15 00:00:00', '2014-07-19 00:00:00', 'uhhhhhhhhhhhhhhhhheyyayeyeyrayyayayyryeyeyayayyyryrr ai say hey whats going on');
insert into audita values (4,1, 'Entidade-4', 4, '2017-04-24 00:00:00', '2017-04-25 00:00:00', '2014-07-29 00:00:00', 'uhhhhhhhhhhhhhhhhheyyayeyeyrayyayayyryeyeyayayyyryrr ai say hey whats going on');
insert into audita values (5,1, 'Entidade-5', 5, '2017-05-04 00:00:00', '2017-05-05 00:00:00', '2014-08-08 00:00:00', 'uhhhhhhhhhhhhhhhhheyyayeyeyrayyayayyryeyeyayayyyryrr ai say hey whats going on');
insert into audita values (6,1, 'Entidade-6', 6, '2017-05-14 00:00:00', '2017-05-15 00:00:00', '2014-08-18 00:00:00', 'uhhhhhhhhhhhhhhhhheyyayeyeyrayyayayyryeyeyayayyyryrr ai say hey whats going on');
insert into audita values (7,1, 'Entidade-7', 7, '2017-05-24 00:00:00', '2017-05-25 00:00:00', '2014-08-28 00:00:00', 'uhhhhhhhhhhhhhhhhheyyayeyeyrayyayayyryeyeyayayyyryrr ai say hey whats going on');
insert into audita values (8,1, 'Entidade-8', 8, '2017-06-03 00:00:00', '2017-06-04 00:00:00', '2014-09-07 00:00:00', 'uhhhhhhhhhhhhhhhhheyyayeyeyrayyayayyryeyeyayayyyryrr ai say hey whats going on');
insert into audita values (9,1, 'Entidade-9', 9, '2017-06-13 00:00:00', '2017-06-14 00:00:00', '2014-09-17 00:00:00', 'uhhhhhhhhhhhhhhhhheyyayeyeyrayyayayyryeyeyayayyyryrr ai say hey whats going on');
insert into audita values (10,1, 'Entidade-10', 10, '2017-06-23 00:00:00', '2017-06-24 00:00:00', '2014-09-27 00:00:00', 'uhhhhhhhhhhhhhhhhheyyayeyeyrayyayayyryeyeyayayyyryrr ai say hey whats going on');
insert into audita values (11,1, 'Entidade-11', 11, '2017-07-03 00:00:00', '2017-07-04 00:00:00', '2014-10-07 00:00:00', 'uhhhhhhhhhhhhhhhhheyyayeyeyrayyayayyryeyeyayayyyryrr ai say hey whats going on');
insert into audita values (12,1, 'Entidade-12', 12, '2017-07-13 00:00:00', '2017-07-14 00:00:00', '2014-10-17 00:00:00', 'uhhhhhhhhhhhhhhhhheyyayeyeyrayyayayyryeyeyayayyyryrr ai say hey whats going on');
insert into audita values (13,1, 'Entidade-13', 13, '2017-07-23 00:00:00', '2017-07-24 00:00:00', '2014-10-27 00:00:00', 'uhhhhhhhhhhhhhhhhheyyayeyeyrayyayayyryeyeyayayyyryrr ai say hey whats going on');
insert into audita values (14,1, 'Entidade-14', 14, '2017-08-02 00:00:00', '2017-08-03 00:00:00', '2014-11-06 00:00:00', 'uhhhhhhhhhhhhhhhhheyyayeyeyrayyayayyryeyeyayayyyryrr ai say hey whats going on');
insert into audita values (15,1, 'Entidade-15', 15, '2017-08-12 00:00:00', '2017-08-13 00:00:00', '2014-11-16 00:00:00', 'uhhhhhhhhhhhhhhhhheyyayeyeyrayyayayyryeyeyayayyyryrr ai say hey whats going on');
insert into audita values (16,1, 'Entidade-16', 16, '2017-08-22 00:00:00', '2017-08-23 00:00:00', '2014-11-26 00:00:00', 'uhhhhhhhhhhhhhhhhheyyayeyeyrayyayayyryeyeyayayyyryrr ai say hey whats going on');
insert into audita values (17,1, 'Entidade-17', 17, '2017-09-01 00:00:00', '2017-09-02 00:00:00', '2014-12-06 00:00:00', 'uhhhhhhhhhhhhhhhhheyyayeyeyrayyayayyryeyeyayayyyryrr ai say hey whats going on');
insert into audita values (18,1, 'Entidade-18', 18, '2017-09-11 00:00:00', '2017-09-12 00:00:00', '2014-12-16 00:00:00', 'uhhhhhhhhhhhhhhhhheyyayeyeyrayyayayyryeyeyayayyyryrr ai say hey whats going on');
insert into audita values (19,1, 'Entidade-19', 19, '2017-09-21 00:00:00', '2017-09-22 00:00:00', '2014-12-26 00:00:00', 'uhhhhhhhhhhhhhhhhheyyayeyeyrayyayayyryeyeyayayyyryrr ai say hey whats going on');
insert into audita values (20,1, 'Entidade-20', 20, '2017-10-01 00:00:00', '2017-10-02 00:00:00', '2015-01-05 00:00:00', 'uhhhhhhhhhhhhhhhhheyyayeyeyrayyayayyryeyeyayayyyryrr ai say hey whats going on');
insert into audita values (21,1, 'Entidade-21', 21, '2017-10-11 00:00:00', '2017-10-12 00:00:00', '2015-01-15 00:00:00', 'uhhhhhhhhhhhhhhhhheyyayeyeyrayyayayyryeyeyayayyyryrr ai say hey whats going on');
insert into audita values (22,1, 'Entidade-22', 22, '2017-10-21 00:00:00', '2017-10-22 00:00:00', '2015-01-25 00:00:00', 'uhhhhhhhhhhhhhhhhheyyayeyeyrayyayayyryeyeyayayyyryrr ai say hey whats going on');
insert into audita values (23,1, 'Entidade-23', 23, '2017-10-31 00:00:00', '2017-11-01 00:00:00', '2015-02-04 00:00:00', 'uhhhhhhhhhhhhhhhhheyyayeyeyrayyayayyryeyeyayayyyryrr ai say hey whats going on');
insert into audita values (24,1, 'Entidade-24', 24, '2017-11-10 00:00:00', '2017-11-11 00:00:00', '2015-02-14 00:00:00', 'uhhhhhhhhhhhhhhhhheyyayeyeyrayyayayyryeyeyayayyyryrr ai say hey whats going on');
insert into audita values (25,1, 'Entidade-25', 25, '2017-11-20 00:00:00', '2017-11-21 00:00:00', '2015-02-24 00:00:00', 'uhhhhhhhhhhhhhhhhheyyayeyeyrayyayayyryeyeyayayyyryrr ai say hey whats going on');
insert into audita values (26,1, 'Entidade-26', 26, '2017-11-30 00:00:00', '2017-12-01 00:00:00', '2015-03-06 00:00:00', 'uhhhhhhhhhhhhhhhhheyyayeyeyrayyayayyryeyeyayayyyryrr ai say hey whats going on');
insert into audita values (27,1, 'Entidade-27', 27, '2017-12-10 00:00:00', '2017-12-11 00:00:00', '2015-03-16 00:00:00', 'uhhhhhhhhhhhhhhhhheyyayeyeyrayyayayyryeyeyayayyyryrr ai say hey whats going on');
insert into audita values (28,1, 'Entidade-28', 28, '2017-12-20 00:00:00', '2017-12-21 00:00:00', '2015-03-26 00:00:00', 'uhhhhhhhhhhhhhhhhheyyayeyeyrayyayayyryeyeyayayyyryrr ai say hey whats going on');
insert into audita values (29,1, 'Entidade-29', 29, '2017-12-30 00:00:00', '2017-12-31 00:00:00', '2015-04-05 00:00:00', 'uhhhhhhhhhhhhhhhhheyyayeyeyrayyayayyryeyeyayayyyryrr ai say hey whats going on');
insert into audita values (30,1, 'Entidade-30', 30, '2018-01-09 00:00:00', '2018-01-10 00:00:00', '2015-04-15 00:00:00', 'uhhhhhhhhhhhhhhhhheyyayeyeyrayyayayyryeyeyayayyyryrr ai say hey whats going on');
insert into audita values (31,1, 'Entidade-31', 31, '2018-01-19 00:00:00', '2018-01-20 00:00:00', '2015-04-25 00:00:00', 'uhhhhhhhhhhhhhhhhheyyayeyeyrayyayayyryeyeyayayyyryrr ai say hey whats going on');
insert into audita values (32,1, 'Entidade-32', 32, '2018-01-29 00:00:00', '2018-01-30 00:00:00', '2015-05-05 00:00:00', 'uhhhhhhhhhhhhhhhhheyyayeyeyrayyayayyryeyeyayayyyryrr ai say hey whats going on');
insert into audita values (33,1, 'Entidade-33', 33, '2018-02-08 00:00:00', '2018-02-09 00:00:00', '2015-05-15 00:00:00', 'uhhhhhhhhhhhhhhhhheyyayeyeyrayyayayyryeyeyayayyyryrr ai say hey whats going on');
insert into audita values (34,1, 'Entidade-34', 34, '2018-02-18 00:00:00', '2018-02-19 00:00:00', '2015-05-25 00:00:00', 'uhhhhhhhhhhhhhhhhheyyayeyeyrayyayayyryeyeyayayyyryrr ai say hey whats going on');
insert into audita values (35,1, 'Entidade-35', 35, '2018-02-28 00:00:00', '2018-03-01 00:00:00', '2015-06-04 00:00:00', 'uhhhhhhhhhhhhhhhhheyyayeyeyrayyayayyryeyeyayayyyryrr ai say hey whats going on');
insert into audita values (36,1, 'Entidade-36', 36, '2018-03-10 00:00:00', '2018-03-11 00:00:00', '2015-06-14 00:00:00', 'uhhhhhhhhhhhhhhhhheyyayeyeyrayyayayyryeyeyayayyyryrr ai say hey whats going on');
insert into audita values (37,1, 'Entidade-37', 37, '2018-03-20 00:00:00', '2018-03-21 00:00:00', '2015-06-24 00:00:00', 'uhhhhhhhhhhhhhhhhheyyayeyeyrayyayayyryeyeyayayyyryrr ai say hey whats going on');
insert into audita values (38,1, 'Entidade-38', 38, '2018-03-30 00:00:00', '2018-03-31 00:00:00', '2015-07-04 00:00:00', 'uhhhhhhhhhhhhhhhhheyyayeyeyrayyayayyryeyeyayayyyryrr ai say hey whats going on');
insert into audita values (39,1, 'Entidade-39', 39, '2018-04-09 00:00:00', '2018-04-10 00:00:00', '2015-07-14 00:00:00', 'uhhhhhhhhhhhhhhhhheyyayeyeyrayyayayyryeyeyayayyyryrr ai say hey whats going on');
insert into audita values (40,1, 'Entidade-40', 40, '2018-04-19 00:00:00', '2018-04-20 00:00:00', '2015-07-24 00:00:00', 'uhhhhhhhhhhhhhhhhheyyayeyeyrayyayayyryeyeyayayyyryrr ai say hey whats going on');
insert into audita values (41,1, 'Entidade-41', 41, '2018-04-29 00:00:00', '2018-04-30 00:00:00', '2015-08-03 00:00:00', 'uhhhhhhhhhhhhhhhhheyyayeyeyrayyayayyryeyeyayayyyryrr ai say hey whats going on');
insert into audita values (42,1, 'Entidade-42', 42, '2018-05-09 00:00:00', '2018-05-10 00:00:00', '2015-08-13 00:00:00', 'uhhhhhhhhhhhhhhhhheyyayeyeyrayyayayyryeyeyayayyyryrr ai say hey whats going on');
insert into audita values (43,1, 'Entidade-43', 43, '2018-05-19 00:00:00', '2018-05-20 00:00:00', '2015-08-23 00:00:00', 'uhhhhhhhhhhhhhhhhheyyayeyeyrayyayayyryeyeyayayyyryrr ai say hey whats going on');
insert into audita values (44,1, 'Entidade-44', 44, '2018-05-29 00:00:00', '2018-05-30 00:00:00', '2015-09-02 00:00:00', 'uhhhhhhhhhhhhhhhhheyyayeyeyrayyayayyryeyeyayayyyryrr ai say hey whats going on');
insert into audita values (45,1, 'Entidade-45', 45, '2018-06-08 00:00:00', '2018-06-09 00:00:00', '2015-09-12 00:00:00', 'uhhhhhhhhhhhhhhhhheyyayeyeyrayyayayyryeyeyayayyyryrr ai say hey whats going on');
insert into audita values (46,1, 'Entidade-46', 46, '2018-06-18 00:00:00', '2018-06-19 00:00:00', '2015-09-22 00:00:00', 'uhhhhhhhhhhhhhhhhheyyayeyeyrayyayayyryeyeyayayyyryrr ai say hey whats going on');
insert into audita values (47,1, 'Entidade-47', 47, '2018-06-28 00:00:00', '2018-06-29 00:00:00', '2015-10-02 00:00:00', 'uhhhhhhhhhhhhhhhhheyyayeyeyrayyayayyryeyeyayayyyryrr ai say hey whats going on');
insert into audita values (48,1, 'Entidade-48', 48, '2018-07-08 00:00:00', '2018-07-09 00:00:00', '2015-10-12 00:00:00', 'uhhhhhhhhhhhhhhhhheyyayeyeyrayyayayyryeyeyayayyyryrr ai say hey whats going on');
insert into audita values (49,1, 'Entidade-49', 49, '2018-07-18 00:00:00', '2018-07-19 00:00:00', '2015-10-22 00:00:00', 'uhhhhhhhhhhhhhhhhheyyayeyeyrayyayayyryeyeyayayyyryrr ai say hey whats going on');
insert into audita values (50,1, 'Entidade-50', 50, '2018-07-28 00:00:00', '2018-07-29 00:00:00', '2015-11-01 00:00:00', 'uhhhhhhhhhhhhhhhhheyyayeyeyrayyayayyryeyeyayayyyryrr ai say hey whats going on');
insert into audita values (51,1, 'Entidade-51', 51, '2018-08-07 00:00:00', '2018-08-08 00:00:00', '2015-11-11 00:00:00', 'uhhhhhhhhhhhhhhhhheyyayeyeyrayyayayyryeyeyayayyyryrr ai say hey whats going on');
insert into audita values (52,1, 'Entidade-52', 52, '2018-08-17 00:00:00', '2018-08-18 00:00:00', '2015-11-21 00:00:00', 'uhhhhhhhhhhhhhhhhheyyayeyeyrayyayayyryeyeyayayyyryrr ai say hey whats going on');
insert into audita values (53,1, 'Entidade-53', 53, '2018-08-27 00:00:00', '2018-08-28 00:00:00', '2015-12-01 00:00:00', 'uhhhhhhhhhhhhhhhhheyyayeyeyrayyayayyryeyeyayayyyryrr ai say hey whats going on');
insert into audita values (54,1, 'Entidade-54', 54, '2018-09-06 00:00:00', '2018-09-07 00:00:00', '2015-12-11 00:00:00', 'uhhhhhhhhhhhhhhhhheyyayeyeyrayyayayyryeyeyayayyyryrr ai say hey whats going on');
insert into audita values (55,1, 'Entidade-55', 55, '2018-09-16 00:00:00', '2018-09-17 00:00:00', '2015-12-21 00:00:00', 'uhhhhhhhhhhhhhhhhheyyayeyeyrayyayayyryeyeyayayyyryrr ai say hey whats going on');
insert into audita values (56,1, 'Entidade-56', 56, '2018-09-26 00:00:00', '2018-09-27 00:00:00', '2015-12-31 00:00:00', 'uhhhhhhhhhhhhhhhhheyyayeyeyrayyayayyryeyeyayayyyryrr ai say hey whats going on');
insert into audita values (57,1, 'Entidade-57', 57, '2018-10-06 00:00:00', '2018-10-07 00:00:00', '2016-01-10 00:00:00', 'uhhhhhhhhhhhhhhhhheyyayeyeyrayyayayyryeyeyayayyyryrr ai say hey whats going on');
insert into audita values (58,1, 'Entidade-58', 58, '2018-10-16 00:00:00', '2018-10-17 00:00:00', '2016-01-20 00:00:00', 'uhhhhhhhhhhhhhhhhheyyayeyeyrayyayayyryeyeyayayyyryrr ai say hey whats going on');
insert into audita values (59,1, 'Entidade-59', 59, '2018-10-26 00:00:00', '2018-10-27 00:00:00', '2016-01-30 00:00:00', 'uhhhhhhhhhhhhhhhhheyyayeyeyrayyayayyryeyeyayayyyryrr ai say hey whats going on');
insert into audita values (60,1, 'Entidade-60', 60, '2018-11-05 00:00:00', '2018-11-06 00:00:00', '2016-02-09 00:00:00', 'uhhhhhhhhhhhhhhhhheyyayeyeyrayyayayyryeyeyayayyyryrr ai say hey whats going on');
insert into audita values (61,1, 'Entidade-61', 61, '2018-11-15 00:00:00', '2018-11-16 00:00:00', '2016-02-19 00:00:00', 'uhhhhhhhhhhhhhhhhheyyayeyeyrayyayayyryeyeyayayyyryrr ai say hey whats going on');
insert into audita values (62,1, 'Entidade-62', 62, '2018-11-25 00:00:00', '2018-11-26 00:00:00', '2016-02-29 00:00:00', 'uhhhhhhhhhhhhhhhhheyyayeyeyrayyayayyryeyeyayayyyryrr ai say hey whats going on');
insert into audita values (63,1, 'Entidade-63', 63, '2018-12-05 00:00:00', '2018-12-06 00:00:00', '2016-03-10 00:00:00', 'uhhhhhhhhhhhhhhhhheyyayeyeyrayyayayyryeyeyayayyyryrr ai say hey whats going on');
insert into audita values (64,1, 'Entidade-64', 64, '2018-12-15 00:00:00', '2018-12-16 00:00:00', '2016-03-20 00:00:00', 'uhhhhhhhhhhhhhhhhheyyayeyeyrayyayayyryeyeyayayyyryrr ai say hey whats going on');
insert into audita values (65,1, 'Entidade-65', 65, '2018-12-25 00:00:00', '2018-12-26 00:00:00', '2016-03-30 00:00:00', 'uhhhhhhhhhhhhhhhhheyyayeyeyrayyayayyryeyeyayayyyryrr ai say hey whats going on');
insert into audita values (66,1, 'Entidade-66', 66, '2019-01-04 00:00:00', '2019-01-05 00:00:00', '2016-04-09 00:00:00', 'uhhhhhhhhhhhhhhhhheyyayeyeyrayyayayyryeyeyayayyyryrr ai say hey whats going on');
insert into audita values (67,1, 'Entidade-67', 67, '2019-01-14 00:00:00', '2019-01-15 00:00:00', '2016-04-19 00:00:00', 'uhhhhhhhhhhhhhhhhheyyayeyeyrayyayayyryeyeyayayyyryrr ai say hey whats going on');
insert into audita values (68,1, 'Entidade-68', 68, '2019-01-24 00:00:00', '2019-01-25 00:00:00', '2016-04-29 00:00:00', 'uhhhhhhhhhhhhhhhhheyyayeyeyrayyayayyryeyeyayayyyryrr ai say hey whats going on');
insert into audita values (69,1, 'Entidade-69', 69, '2019-02-03 00:00:00', '2019-02-04 00:00:00', '2016-05-09 00:00:00', 'uhhhhhhhhhhhhhhhhheyyayeyeyrayyayayyryeyeyayayyyryrr ai say hey whats going on');
insert into audita values (70,1, 'Entidade-70', 70, '2019-02-13 00:00:00', '2019-02-14 00:00:00', '2016-05-19 00:00:00', 'uhhhhhhhhhhhhhhhhheyyayeyeyrayyayayyryeyeyayayyyryrr ai say hey whats going on');
insert into audita values (71,1, 'Entidade-71', 71, '2019-02-23 00:00:00', '2019-02-24 00:00:00', '2016-05-29 00:00:00', 'uhhhhhhhhhhhhhhhhheyyayeyeyrayyayayyryeyeyayayyyryrr ai say hey whats going on');
insert into audita values (72,1, 'Entidade-72', 72, '2019-03-05 00:00:00', '2019-03-06 00:00:00', '2016-06-08 00:00:00', 'uhhhhhhhhhhhhhhhhheyyayeyeyrayyayayyryeyeyayayyyryrr ai say hey whats going on');
insert into audita values (73,1, 'Entidade-73', 73, '2019-03-15 00:00:00', '2019-03-16 00:00:00', '2016-06-18 00:00:00', 'uhhhhhhhhhhhhhhhhheyyayeyeyrayyayayyryeyeyayayyyryrr ai say hey whats going on');
insert into audita values (74,1, 'Entidade-74', 74, '2019-03-25 00:00:00', '2019-03-26 00:00:00', '2016-06-28 00:00:00', 'uhhhhhhhhhhhhhhhhheyyayeyeyrayyayayyryeyeyayayyyryrr ai say hey whats going on');
insert into audita values (75,1, 'Entidade-75', 75, '2019-04-04 00:00:00', '2019-04-05 00:00:00', '2016-07-08 00:00:00', 'uhhhhhhhhhhhhhhhhheyyayeyeyrayyayayyryeyeyayayyyryrr ai say hey whats going on');
insert into audita values (76,1, 'Entidade-76', 76, '2019-04-14 00:00:00', '2019-04-15 00:00:00', '2016-07-18 00:00:00', 'uhhhhhhhhhhhhhhhhheyyayeyeyrayyayayyryeyeyayayyyryrr ai say hey whats going on');
insert into audita values (77,1, 'Entidade-77', 77, '2019-04-24 00:00:00', '2019-04-25 00:00:00', '2016-07-28 00:00:00', 'uhhhhhhhhhhhhhhhhheyyayeyeyrayyayayyryeyeyayayyyryrr ai say hey whats going on');
insert into audita values (78,1, 'Entidade-78', 78, '2019-05-04 00:00:00', '2019-05-05 00:00:00', '2016-08-07 00:00:00', 'uhhhhhhhhhhhhhhhhheyyayeyeyrayyayayyryeyeyayayyyryrr ai say hey whats going on');
insert into audita values (79,1, 'Entidade-79', 79, '2019-05-14 00:00:00', '2019-05-15 00:00:00', '2016-08-17 00:00:00', 'uhhhhhhhhhhhhhhhhheyyayeyeyrayyayayyryeyeyayayyyryrr ai say hey whats going on');
insert into audita values (80,1, 'Entidade-80', 80, '2019-05-24 00:00:00', '2019-05-25 00:00:00', '2016-08-27 00:00:00', 'uhhhhhhhhhhhhhhhhheyyayeyeyrayyayayyryeyeyayayyyryrr ai say hey whats going on');
insert into audita values (81,1, 'Entidade-81', 81, '2019-06-03 00:00:00', '2019-06-04 00:00:00', '2016-09-06 00:00:00', 'uhhhhhhhhhhhhhhhhheyyayeyeyrayyayayyryeyeyayayyyryrr ai say hey whats going on');
insert into audita values (82,1, 'Entidade-82', 82, '2019-06-13 00:00:00', '2019-06-14 00:00:00', '2016-09-16 00:00:00', 'uhhhhhhhhhhhhhhhhheyyayeyeyrayyayayyryeyeyayayyyryrr ai say hey whats going on');
insert into audita values (83,1, 'Entidade-83', 83, '2019-06-23 00:00:00', '2019-06-24 00:00:00', '2016-09-26 00:00:00', 'uhhhhhhhhhhhhhhhhheyyayeyeyrayyayayyryeyeyayayyyryrr ai say hey whats going on');
insert into audita values (84,1, 'Entidade-84', 84, '2019-07-03 00:00:00', '2019-07-04 00:00:00', '2016-10-06 00:00:00', 'uhhhhhhhhhhhhhhhhheyyayeyeyrayyayayyryeyeyayayyyryrr ai say hey whats going on');
insert into audita values (85,1, 'Entidade-85', 85, '2019-07-13 00:00:00', '2019-07-14 00:00:00', '2016-10-16 00:00:00', 'uhhhhhhhhhhhhhhhhheyyayeyeyrayyayayyryeyeyayayyyryrr ai say hey whats going on');
insert into audita values (86,1, 'Entidade-86', 86, '2019-07-23 00:00:00', '2019-07-24 00:00:00', '2016-10-26 00:00:00', 'uhhhhhhhhhhhhhhhhheyyayeyeyrayyayayyryeyeyayayyyryrr ai say hey whats going on');
insert into audita values (87,1, 'Entidade-87', 87, '2019-08-02 00:00:00', '2019-08-03 00:00:00', '2016-11-05 00:00:00', 'uhhhhhhhhhhhhhhhhheyyayeyeyrayyayayyryeyeyayayyyryrr ai say hey whats going on');
insert into audita values (88,1, 'Entidade-88', 88, '2019-08-12 00:00:00', '2019-08-13 00:00:00', '2016-11-15 00:00:00', 'uhhhhhhhhhhhhhhhhheyyayeyeyrayyayayyryeyeyayayyyryrr ai say hey whats going on');
insert into audita values (89,1, 'Entidade-89', 89, '2019-08-22 00:00:00', '2019-08-23 00:00:00', '2016-11-25 00:00:00', 'uhhhhhhhhhhhhhhhhheyyayeyeyrayyayayyryeyeyayayyyryrr ai say hey whats going on');
insert into audita values (90,1, 'Entidade-90', 90, '2019-09-01 00:00:00', '2019-09-02 00:00:00', '2016-12-05 00:00:00', 'uhhhhhhhhhhhhhhhhheyyayeyeyrayyayayyryeyeyayayyyryrr ai say hey whats going on');
insert into audita values (91,1, 'Entidade-91', 91, '2019-09-11 00:00:00', '2019-09-12 00:00:00', '2016-12-15 00:00:00', 'uhhhhhhhhhhhhhhhhheyyayeyeyrayyayayyryeyeyayayyyryrr ai say hey whats going on');
insert into audita values (92,1, 'Entidade-92', 92, '2019-09-21 00:00:00', '2019-09-22 00:00:00', '2016-12-25 00:00:00', 'uhhhhhhhhhhhhhhhhheyyayeyeyrayyayayyryeyeyayayyyryrr ai say hey whats going on');
insert into audita values (93,1, 'Entidade-93', 93, '2019-10-01 00:00:00', '2019-10-02 00:00:00', '2017-01-04 00:00:00', 'uhhhhhhhhhhhhhhhhheyyayeyeyrayyayayyryeyeyayayyyryrr ai say hey whats going on');
insert into audita values (94,1, 'Entidade-94', 94, '2019-10-11 00:00:00', '2019-10-12 00:00:00', '2017-01-14 00:00:00', 'uhhhhhhhhhhhhhhhhheyyayeyeyrayyayayyryeyeyayayyyryrr ai say hey whats going on');
insert into audita values (95,1, 'Entidade-95', 95, '2019-10-21 00:00:00', '2019-10-22 00:00:00', '2017-01-24 00:00:00', 'uhhhhhhhhhhhhhhhhheyyayeyeyrayyayayyryeyeyayayyyryrr ai say hey whats going on');
insert into audita values (96,1, 'Entidade-96', 96, '2019-10-31 00:00:00', '2019-11-01 00:00:00', '2017-02-03 00:00:00', 'uhhhhhhhhhhhhhhhhheyyayeyeyrayyayayyryeyeyayayyyryrr ai say hey whats going on');
insert into audita values (97,1, 'Entidade-97', 97, '2019-11-10 00:00:00', '2019-11-11 00:00:00', '2017-02-13 00:00:00', 'uhhhhhhhhhhhhhhhhheyyayeyeyrayyayayyryeyeyayayyyryrr ai say hey whats going on');
insert into audita values (98,1, 'Entidade-98', 98, '2019-11-20 00:00:00', '2019-11-21 00:00:00', '2017-02-23 00:00:00', 'uhhhhhhhhhhhhhhhhheyyayeyeyrayyayayyryeyeyayayyyryrr ai say hey whats going on');
insert into audita values (99,1, 'Entidade-99', 99, '2019-11-30 00:00:00', '2019-12-01 00:00:00', '2017-03-05 00:00:00', 'uhhhhhhhhhhhhhhhhheyyayeyeyrayyayayyryeyeyayayyyryrr ai say hey whats going on');
insert into audita values (100,1, 'Entidade-100', 100, '2019-12-10 00:00:00', '2019-12-11 00:00:00', '2017-03-15 00:00:00', 'uhhhhhhhhhhhhhhhhheyyayeyeyrayyayayyryeyeyayayyyryrr ai say hey whats going on');

--solicita
insert into solicita values (1, '2017-03-25 00:00:00', '2017-03-25 00:00:00', '2017-03-26 00:00:00', 1);
insert into solicita values (2, '2017-04-03 00:00:00', '2017-04-04 00:00:00', '2017-04-05 00:00:00', 2);
insert into solicita values (3, '2017-04-12 00:00:00', '2017-04-14 00:00:00', '2017-04-15 00:00:00', 3);
insert into solicita values (4, '2017-04-21 00:00:00', '2017-04-24 00:00:00', '2017-04-25 00:00:00', 4);
insert into solicita values (5, '2017-04-30 00:00:00', '2017-05-04 00:00:00', '2017-05-05 00:00:00', 5);
insert into solicita values (6, '2017-05-09 00:00:00', '2017-05-14 00:00:00', '2017-05-15 00:00:00', 6);
insert into solicita values (7, '2017-05-18 00:00:00', '2017-05-24 00:00:00', '2017-05-25 00:00:00', 7);
insert into solicita values (8, '2017-05-27 00:00:00', '2017-06-03 00:00:00', '2017-06-04 00:00:00', 8);
insert into solicita values (9, '2017-06-05 00:00:00', '2017-06-13 00:00:00', '2017-06-14 00:00:00', 9);
insert into solicita values (10, '2017-06-14 00:00:00', '2017-06-23 00:00:00', '2017-06-24 00:00:00', 10);
insert into solicita values (11, '2017-06-23 00:00:00', '2017-07-03 00:00:00', '2017-07-04 00:00:00', 11);
insert into solicita values (12, '2017-07-02 00:00:00', '2017-07-13 00:00:00', '2017-07-14 00:00:00', 12);
insert into solicita values (13, '2017-07-11 00:00:00', '2017-07-23 00:00:00', '2017-07-24 00:00:00', 13);
insert into solicita values (14, '2017-07-20 00:00:00', '2017-08-02 00:00:00', '2017-08-03 00:00:00', 14);
insert into solicita values (15, '2017-07-29 00:00:00', '2017-08-12 00:00:00', '2017-08-13 00:00:00', 15);
insert into solicita values (16, '2017-08-07 00:00:00', '2017-08-22 00:00:00', '2017-08-23 00:00:00', 16);
insert into solicita values (17, '2017-08-16 00:00:00', '2017-09-01 00:00:00', '2017-09-02 00:00:00', 17);
insert into solicita values (18, '2017-08-25 00:00:00', '2017-09-11 00:00:00', '2017-09-12 00:00:00', 18);
insert into solicita values (19, '2017-09-03 00:00:00', '2017-09-21 00:00:00', '2017-09-22 00:00:00', 19);
insert into solicita values (20, '2017-09-12 00:00:00', '2017-10-01 00:00:00', '2017-10-02 00:00:00', 20);
insert into solicita values (21, '2017-09-21 00:00:00', '2017-10-11 00:00:00', '2017-10-12 00:00:00', 21);
insert into solicita values (22, '2017-09-30 00:00:00', '2017-10-21 00:00:00', '2017-10-22 00:00:00', 22);
insert into solicita values (23, '2017-10-09 00:00:00', '2017-10-31 00:00:00', '2017-11-01 00:00:00', 23);
insert into solicita values (24, '2017-10-18 00:00:00', '2017-11-10 00:00:00', '2017-11-11 00:00:00', 24);
insert into solicita values (25, '2017-10-27 00:00:00', '2017-11-20 00:00:00', '2017-11-21 00:00:00', 25);
insert into solicita values (26, '2017-11-05 00:00:00', '2017-11-30 00:00:00', '2017-12-01 00:00:00', 26);
insert into solicita values (27, '2017-11-14 00:00:00', '2017-12-10 00:00:00', '2017-12-11 00:00:00', 27);
insert into solicita values (28, '2017-11-23 00:00:00', '2017-12-20 00:00:00', '2017-12-21 00:00:00', 28);
insert into solicita values (29, '2017-12-02 00:00:00', '2017-12-30 00:00:00', '2017-12-31 00:00:00', 29);
insert into solicita values (30, '2017-12-11 00:00:00', '2018-01-09 00:00:00', '2018-01-10 00:00:00', 30);
insert into solicita values (31, '2017-12-20 00:00:00', '2018-01-19 00:00:00', '2018-01-20 00:00:00', 31);
insert into solicita values (32, '2017-12-29 00:00:00', '2018-01-29 00:00:00', '2018-01-30 00:00:00', 32);
insert into solicita values (33, '2018-01-07 00:00:00', '2018-02-08 00:00:00', '2018-02-09 00:00:00', 33);
insert into solicita values (34, '2018-01-16 00:00:00', '2018-02-18 00:00:00', '2018-02-19 00:00:00', 34);
insert into solicita values (35, '2018-01-25 00:00:00', '2018-02-28 00:00:00', '2018-03-01 00:00:00', 35);
insert into solicita values (36, '2018-02-03 00:00:00', '2018-03-10 00:00:00', '2018-03-11 00:00:00', 36);
insert into solicita values (37, '2018-02-12 00:00:00', '2018-03-20 00:00:00', '2018-03-21 00:00:00', 37);
insert into solicita values (38, '2018-02-21 00:00:00', '2018-03-30 00:00:00', '2018-03-31 00:00:00', 38);
insert into solicita values (39, '2018-03-02 00:00:00', '2018-04-09 00:00:00', '2018-04-10 00:00:00', 39);
insert into solicita values (40, '2018-03-11 00:00:00', '2018-04-19 00:00:00', '2018-04-20 00:00:00', 40);
insert into solicita values (41, '2018-03-20 00:00:00', '2018-04-29 00:00:00', '2018-04-30 00:00:00', 41);
insert into solicita values (42, '2018-03-29 00:00:00', '2018-05-09 00:00:00', '2018-05-10 00:00:00', 42);
insert into solicita values (43, '2018-04-07 00:00:00', '2018-05-19 00:00:00', '2018-05-20 00:00:00', 43);
insert into solicita values (44, '2018-04-16 00:00:00', '2018-05-29 00:00:00', '2018-05-30 00:00:00', 44);
insert into solicita values (45, '2018-04-25 00:00:00', '2018-06-08 00:00:00', '2018-06-09 00:00:00', 45);
insert into solicita values (46, '2018-05-04 00:00:00', '2018-06-18 00:00:00', '2018-06-19 00:00:00', 46);
insert into solicita values (47, '2018-05-13 00:00:00', '2018-06-28 00:00:00', '2018-06-29 00:00:00', 47);
insert into solicita values (48, '2018-05-22 00:00:00', '2018-07-08 00:00:00', '2018-07-09 00:00:00', 48);
insert into solicita values (49, '2018-05-31 00:00:00', '2018-07-18 00:00:00', '2018-07-19 00:00:00', 49);
insert into solicita values (50, '2018-06-09 00:00:00', '2018-07-28 00:00:00', '2018-07-29 00:00:00', 50);
insert into solicita values (51, '2018-06-18 00:00:00', '2018-08-07 00:00:00', '2018-08-08 00:00:00', 51);
insert into solicita values (52, '2018-06-27 00:00:00', '2018-08-17 00:00:00', '2018-08-18 00:00:00', 52);
insert into solicita values (53, '2018-07-06 00:00:00', '2018-08-27 00:00:00', '2018-08-28 00:00:00', 53);
insert into solicita values (54, '2018-07-15 00:00:00', '2018-09-06 00:00:00', '2018-09-07 00:00:00', 54);
insert into solicita values (55, '2018-07-24 00:00:00', '2018-09-16 00:00:00', '2018-09-17 00:00:00', 55);
insert into solicita values (56, '2018-08-02 00:00:00', '2018-09-26 00:00:00', '2018-09-27 00:00:00', 56);
insert into solicita values (57, '2018-08-11 00:00:00', '2018-10-06 00:00:00', '2018-10-07 00:00:00', 57);
insert into solicita values (58, '2018-08-20 00:00:00', '2018-10-16 00:00:00', '2018-10-17 00:00:00', 58);
insert into solicita values (59, '2018-08-29 00:00:00', '2018-10-26 00:00:00', '2018-10-27 00:00:00', 59);
insert into solicita values (60, '2018-09-07 00:00:00', '2018-11-05 00:00:00', '2018-11-06 00:00:00', 60);
insert into solicita values (61, '2018-09-16 00:00:00', '2018-11-15 00:00:00', '2018-11-16 00:00:00', 61);
insert into solicita values (62, '2018-09-25 00:00:00', '2018-11-25 00:00:00', '2018-11-26 00:00:00', 62);
insert into solicita values (63, '2018-10-04 00:00:00', '2018-12-05 00:00:00', '2018-12-06 00:00:00', 63);
insert into solicita values (64, '2018-10-13 00:00:00', '2018-12-15 00:00:00', '2018-12-16 00:00:00', 64);
insert into solicita values (65, '2018-10-22 00:00:00', '2018-12-25 00:00:00', '2018-12-26 00:00:00', 65);
insert into solicita values (66, '2018-10-31 00:00:00', '2019-01-04 00:00:00', '2019-01-05 00:00:00', 66);
insert into solicita values (67, '2018-11-09 00:00:00', '2019-01-14 00:00:00', '2019-01-15 00:00:00', 67);
insert into solicita values (68, '2018-11-18 00:00:00', '2019-01-24 00:00:00', '2019-01-25 00:00:00', 68);
insert into solicita values (69, '2018-11-27 00:00:00', '2019-02-03 00:00:00', '2019-02-04 00:00:00', 69);
insert into solicita values (70, '2018-12-06 00:00:00', '2019-02-13 00:00:00', '2019-02-14 00:00:00', 70);
insert into solicita values (71, '2018-12-15 00:00:00', '2019-02-23 00:00:00', '2019-02-24 00:00:00', 71);
insert into solicita values (72, '2018-12-24 00:00:00', '2019-03-05 00:00:00', '2019-03-06 00:00:00', 72);
insert into solicita values (73, '2019-01-02 00:00:00', '2019-03-15 00:00:00', '2019-03-16 00:00:00', 73);
insert into solicita values (74, '2019-01-11 00:00:00', '2019-03-25 00:00:00', '2019-03-26 00:00:00', 74);
insert into solicita values (75, '2019-01-20 00:00:00', '2019-04-04 00:00:00', '2019-04-05 00:00:00', 75);
insert into solicita values (76, '2019-01-29 00:00:00', '2019-04-14 00:00:00', '2019-04-15 00:00:00', 76);
insert into solicita values (77, '2019-02-07 00:00:00', '2019-04-24 00:00:00', '2019-04-25 00:00:00', 77);
insert into solicita values (78, '2019-02-16 00:00:00', '2019-05-04 00:00:00', '2019-05-05 00:00:00', 78);
insert into solicita values (79, '2019-02-25 00:00:00', '2019-05-14 00:00:00', '2019-05-15 00:00:00', 79);
insert into solicita values (80, '2019-03-06 00:00:00', '2019-05-24 00:00:00', '2019-05-25 00:00:00', 80);
insert into solicita values (81, '2019-03-15 00:00:00', '2019-06-03 00:00:00', '2019-06-04 00:00:00', 81);
insert into solicita values (82, '2019-03-24 00:00:00', '2019-06-13 00:00:00', '2019-06-14 00:00:00', 82);
insert into solicita values (83, '2019-04-02 00:00:00', '2019-06-23 00:00:00', '2019-06-24 00:00:00', 83);
insert into solicita values (84, '2019-04-11 00:00:00', '2019-07-03 00:00:00', '2019-07-04 00:00:00', 84);
insert into solicita values (85, '2019-04-20 00:00:00', '2019-07-13 00:00:00', '2019-07-14 00:00:00', 85);
insert into solicita values (86, '2019-04-29 00:00:00', '2019-07-23 00:00:00', '2019-07-24 00:00:00', 86);
insert into solicita values (87, '2019-05-08 00:00:00', '2019-08-02 00:00:00', '2019-08-03 00:00:00', 87);
insert into solicita values (88, '2019-05-17 00:00:00', '2019-08-12 00:00:00', '2019-08-13 00:00:00', 88);
insert into solicita values (89, '2019-05-26 00:00:00', '2019-08-22 00:00:00', '2019-08-23 00:00:00', 89);
insert into solicita values (90, '2019-06-04 00:00:00', '2019-09-01 00:00:00', '2019-09-02 00:00:00', 90);
insert into solicita values (91, '2019-06-13 00:00:00', '2019-09-11 00:00:00', '2019-09-12 00:00:00', 91);
insert into solicita values (92, '2019-06-22 00:00:00', '2019-09-21 00:00:00', '2019-09-22 00:00:00', 92);
insert into solicita values (93, '2019-07-01 00:00:00', '2019-10-01 00:00:00', '2019-10-02 00:00:00', 93);
insert into solicita values (94, '2019-07-10 00:00:00', '2019-10-11 00:00:00', '2019-10-12 00:00:00', 94);
insert into solicita values (95, '2019-07-19 00:00:00', '2019-10-21 00:00:00', '2019-10-22 00:00:00', 95);
insert into solicita values (96, '2019-07-28 00:00:00', '2019-10-31 00:00:00', '2019-11-01 00:00:00', 96);
insert into solicita values (97, '2019-08-06 00:00:00', '2019-11-10 00:00:00', '2019-11-11 00:00:00', 97);
insert into solicita values (98, '2019-08-15 00:00:00', '2019-11-20 00:00:00', '2019-11-21 00:00:00', 98);
insert into solicita values (99, '2019-08-24 00:00:00', '2019-11-30 00:00:00', '2019-12-01 00:00:00', 99);
insert into solicita values (100, '2019-09-02 00:00:00', '2019-12-10 00:00:00', '2019-12-11 00:00:00', 100);
