--camara
insert into camara values (1);
insert into camara values (2);
insert into camara values (3);
insert into camara values (4);
insert into camara values (5);
insert into camara values (6);
insert into camara values (7);
insert into camara values (8);
insert into camara values (9);
insert into camara values (10);
insert into camara values (11);
insert into camara values (12);
insert into camara values (13);
insert into camara values (14);
insert into camara values (15);
insert into camara values (16);
insert into camara values (17);
insert into camara values (18);
insert into camara values (19);
insert into camara values (20);
insert into camara values (21);
insert into camara values (22);
insert into camara values (23);
insert into camara values (24);
insert into camara values (25);
insert into camara values (26);
insert into camara values (27);
insert into camara values (28);
insert into camara values (29);
insert into camara values (30);
insert into camara values (31);
insert into camara values (32);
insert into camara values (33);
insert into camara values (34);
insert into camara values (35);
insert into camara values (36);
insert into camara values (37);
insert into camara values (38);
insert into camara values (39);
insert into camara values (40);
insert into camara values (41);
insert into camara values (42);
insert into camara values (43);
insert into camara values (44);
insert into camara values (45);
insert into camara values (46);
insert into camara values (47);
insert into camara values (48);
insert into camara values (49);
insert into camara values (50);
insert into camara values (51);
insert into camara values (52);
insert into camara values (53);
insert into camara values (54);
insert into camara values (55);
insert into camara values (56);
insert into camara values (57);
insert into camara values (58);
insert into camara values (59);
insert into camara values (60);
insert into camara values (61);
insert into camara values (62);
insert into camara values (63);
insert into camara values (64);
insert into camara values (65);
insert into camara values (66);
insert into camara values (67);
insert into camara values (68);
insert into camara values (69);
insert into camara values (70);
insert into camara values (71);
insert into camara values (72);
insert into camara values (73);
insert into camara values (74);
insert into camara values (75);
insert into camara values (76);
insert into camara values (77);
insert into camara values (78);
insert into camara values (79);
insert into camara values (80);
insert into camara values (81);
insert into camara values (82);
insert into camara values (83);
insert into camara values (84);
insert into camara values (85);
insert into camara values (86);
insert into camara values (87);
insert into camara values (88);
insert into camara values (89);
insert into camara values (90);
insert into camara values (91);
insert into camara values (92);
insert into camara values (93);
insert into camara values (94);
insert into camara values (95);
insert into camara values (96);
insert into camara values (97);
insert into camara values (98);
insert into camara values (99);
insert into camara values (100);

--video
insert into video values (1,'2013-05-25 00:00:00','2013-05-26 00:00:00');
insert into video values (2,'2013-06-03 00:00:00','2013-06-04 00:00:00');
insert into video values (3,'2013-06-12 00:00:00','2013-06-13 00:00:00');
insert into video values (4,'2013-06-21 00:00:00','2013-06-22 00:00:00');
insert into video values (5,'2013-06-30 00:00:00','2013-07-01 00:00:00');
insert into video values (6,'2013-07-09 00:00:00','2013-07-10 00:00:00');
insert into video values (7,'2013-07-18 00:00:00','2013-07-19 00:00:00');
insert into video values (8,'2013-07-27 00:00:00','2013-07-28 00:00:00');
insert into video values (9,'2013-08-05 00:00:00','2013-08-06 00:00:00');
insert into video values (10,'2013-08-14 00:00:00','2013-08-15 00:00:00');
insert into video values (11,'2013-08-23 00:00:00','2013-08-24 00:00:00');
insert into video values (12,'2013-09-01 00:00:00','2013-09-02 00:00:00');
insert into video values (13,'2013-09-10 00:00:00','2013-09-11 00:00:00');
insert into video values (14,'2013-09-19 00:00:00','2013-09-20 00:00:00');
insert into video values (15,'2013-09-28 00:00:00','2013-09-29 00:00:00');
insert into video values (16,'2013-10-07 00:00:00','2013-10-08 00:00:00');
insert into video values (17,'2013-10-16 00:00:00','2013-10-17 00:00:00');
insert into video values (18,'2013-10-25 00:00:00','2013-10-26 00:00:00');
insert into video values (19,'2013-11-03 00:00:00','2013-11-04 00:00:00');
insert into video values (20,'2013-11-12 00:00:00','2013-11-13 00:00:00');
insert into video values (21,'2013-11-21 00:00:00','2013-11-22 00:00:00');
insert into video values (22,'2013-11-30 00:00:00','2013-12-01 00:00:00');
insert into video values (23,'2013-12-09 00:00:00','2013-12-10 00:00:00');
insert into video values (24,'2013-12-18 00:00:00','2013-12-19 00:00:00');
insert into video values (25,'2013-12-27 00:00:00','2013-12-28 00:00:00');
insert into video values (26,'2014-01-05 00:00:00','2014-01-06 00:00:00');
insert into video values (27,'2014-01-14 00:00:00','2014-01-15 00:00:00');
insert into video values (28,'2014-01-23 00:00:00','2014-01-24 00:00:00');
insert into video values (29,'2014-02-01 00:00:00','2014-02-02 00:00:00');
insert into video values (30,'2014-02-10 00:00:00','2014-02-11 00:00:00');
insert into video values (31,'2014-02-19 00:00:00','2014-02-20 00:00:00');
insert into video values (32,'2014-02-28 00:00:00','2014-03-01 00:00:00');
insert into video values (33,'2014-03-09 00:00:00','2014-03-10 00:00:00');
insert into video values (34,'2014-03-18 00:00:00','2014-03-19 00:00:00');
insert into video values (35,'2014-03-27 00:00:00','2014-03-28 00:00:00');
insert into video values (36,'2014-04-05 00:00:00','2014-04-06 00:00:00');
insert into video values (37,'2014-04-14 00:00:00','2014-04-15 00:00:00');
insert into video values (38,'2014-04-23 00:00:00','2014-04-24 00:00:00');
insert into video values (39,'2014-05-02 00:00:00','2014-05-03 00:00:00');
insert into video values (40,'2014-05-11 00:00:00','2014-05-12 00:00:00');
insert into video values (41,'2014-05-20 00:00:00','2014-05-21 00:00:00');
insert into video values (42,'2014-05-29 00:00:00','2014-05-30 00:00:00');
insert into video values (43,'2014-06-07 00:00:00','2014-06-08 00:00:00');
insert into video values (44,'2014-06-16 00:00:00','2014-06-17 00:00:00');
insert into video values (45,'2014-06-25 00:00:00','2014-06-26 00:00:00');
insert into video values (46,'2014-07-04 00:00:00','2014-07-05 00:00:00');
insert into video values (47,'2014-07-13 00:00:00','2014-07-14 00:00:00');
insert into video values (48,'2014-07-22 00:00:00','2014-07-23 00:00:00');
insert into video values (49,'2014-07-31 00:00:00','2014-08-01 00:00:00');
insert into video values (50,'2014-08-09 00:00:00','2014-08-10 00:00:00');
insert into video values (51,'2014-08-18 00:00:00','2014-08-19 00:00:00');
insert into video values (52,'2014-08-27 00:00:00','2014-08-28 00:00:00');
insert into video values (53,'2014-09-05 00:00:00','2014-09-06 00:00:00');
insert into video values (54,'2014-09-14 00:00:00','2014-09-15 00:00:00');
insert into video values (55,'2014-09-23 00:00:00','2014-09-24 00:00:00');
insert into video values (56,'2014-10-02 00:00:00','2014-10-03 00:00:00');
insert into video values (57,'2014-10-11 00:00:00','2014-10-12 00:00:00');
insert into video values (58,'2014-10-20 00:00:00','2014-10-21 00:00:00');
insert into video values (59,'2014-10-29 00:00:00','2014-10-30 00:00:00');
insert into video values (60,'2014-11-07 00:00:00','2014-11-08 00:00:00');
insert into video values (61,'2014-11-16 00:00:00','2014-11-17 00:00:00');
insert into video values (62,'2014-11-25 00:00:00','2014-11-26 00:00:00');
insert into video values (63,'2014-12-04 00:00:00','2014-12-05 00:00:00');
insert into video values (64,'2014-12-13 00:00:00','2014-12-14 00:00:00');
insert into video values (65,'2014-12-22 00:00:00','2014-12-23 00:00:00');
insert into video values (66,'2014-12-31 00:00:00','2015-01-01 00:00:00');
insert into video values (67,'2015-01-09 00:00:00','2015-01-10 00:00:00');
insert into video values (68,'2015-01-18 00:00:00','2015-01-19 00:00:00');
insert into video values (69,'2015-01-27 00:00:00','2015-01-28 00:00:00');
insert into video values (70,'2015-02-05 00:00:00','2015-02-06 00:00:00');
insert into video values (71,'2015-02-14 00:00:00','2015-02-15 00:00:00');
insert into video values (72,'2015-02-23 00:00:00','2015-02-24 00:00:00');
insert into video values (73,'2015-03-04 00:00:00','2015-03-05 00:00:00');
insert into video values (74,'2015-03-13 00:00:00','2015-03-14 00:00:00');
insert into video values (75,'2015-03-22 00:00:00','2015-03-23 00:00:00');
insert into video values (76,'2015-03-31 00:00:00','2015-04-01 00:00:00');
insert into video values (77,'2015-04-09 00:00:00','2015-04-10 00:00:00');
insert into video values (78,'2015-04-18 00:00:00','2015-04-19 00:00:00');
insert into video values (79,'2015-04-27 00:00:00','2015-04-28 00:00:00');
insert into video values (80,'2015-05-06 00:00:00','2015-05-07 00:00:00');
insert into video values (81,'2015-05-15 00:00:00','2015-05-16 00:00:00');
insert into video values (82,'2015-05-24 00:00:00','2015-05-25 00:00:00');
insert into video values (83,'2015-06-02 00:00:00','2015-06-03 00:00:00');
insert into video values (84,'2015-06-11 00:00:00','2015-06-12 00:00:00');
insert into video values (85,'2015-06-20 00:00:00','2015-06-21 00:00:00');
insert into video values (86,'2015-06-29 00:00:00','2015-06-30 00:00:00');
insert into video values (87,'2015-07-08 00:00:00','2015-07-09 00:00:00');
insert into video values (88,'2015-07-17 00:00:00','2015-07-18 00:00:00');
insert into video values (89,'2015-07-26 00:00:00','2015-07-27 00:00:00');
insert into video values (90,'2015-08-04 00:00:00','2015-08-05 00:00:00');
insert into video values (91,'2015-08-13 00:00:00','2015-08-14 00:00:00');
insert into video values (92,'2015-08-22 00:00:00','2015-08-23 00:00:00');
insert into video values (93,'2015-08-31 00:00:00','2015-09-01 00:00:00');
insert into video values (94,'2015-09-09 00:00:00','2015-09-10 00:00:00');
insert into video values (95,'2015-09-18 00:00:00','2015-09-19 00:00:00');
insert into video values (96,'2015-09-27 00:00:00','2015-09-28 00:00:00');
insert into video values (97,'2015-10-06 00:00:00','2015-10-07 00:00:00');
insert into video values (98,'2015-10-15 00:00:00','2015-10-16 00:00:00');
insert into video values (99,'2015-10-24 00:00:00','2015-10-25 00:00:00');
insert into video values (100,'2015-11-02 00:00:00','2015-11-03 00:00:00');

--segmentovideo
insert into segmentoVideo values (1, '2013-05-25 00:00:00', 1, 38);
insert into segmentoVideo values (1, '2013-05-25 00:00:00', 2, 36);
insert into segmentoVideo values (1, '2013-05-25 00:00:00', 3, 24);
insert into segmentoVideo values (1, '2013-05-25 00:00:00', 4, 33);
insert into segmentoVideo values (1, '2013-05-25 00:00:00', 5, 21);
insert into segmentoVideo values (2, '2013-06-03 00:00:00', 1, 36);
insert into segmentoVideo values (2, '2013-06-03 00:00:00', 2, 22);
insert into segmentoVideo values (2, '2013-06-03 00:00:00', 3, 31);
insert into segmentoVideo values (2, '2013-06-03 00:00:00', 4, 31);
insert into segmentoVideo values (2, '2013-06-03 00:00:00', 5, 27);
insert into segmentoVideo values (3, '2013-06-12 00:00:00', 1, 42);
insert into segmentoVideo values (3, '2013-06-12 00:00:00', 2, 26);
insert into segmentoVideo values (3, '2013-06-12 00:00:00', 3, 21);
insert into segmentoVideo values (3, '2013-06-12 00:00:00', 4, 21);
insert into segmentoVideo values (3, '2013-06-12 00:00:00', 5, 25);
insert into segmentoVideo values (4, '2013-06-21 00:00:00', 1, 41);
insert into segmentoVideo values (4, '2013-06-21 00:00:00', 2, 21);
insert into segmentoVideo values (4, '2013-06-21 00:00:00', 3, 27);
insert into segmentoVideo values (4, '2013-06-21 00:00:00', 4, 27);
insert into segmentoVideo values (4, '2013-06-21 00:00:00', 5, 48);
insert into segmentoVideo values (5, '2013-06-30 00:00:00', 1, 35);
insert into segmentoVideo values (5, '2013-06-30 00:00:00', 2, 29);
insert into segmentoVideo values (5, '2013-06-30 00:00:00', 3, 41);
insert into segmentoVideo values (5, '2013-06-30 00:00:00', 4, 38);
insert into segmentoVideo values (5, '2013-06-30 00:00:00', 5, 38);
insert into segmentoVideo values (6, '2013-07-09 00:00:00', 1, 25);
insert into segmentoVideo values (6, '2013-07-09 00:00:00', 2, 24);
insert into segmentoVideo values (6, '2013-07-09 00:00:00', 3, 20);
insert into segmentoVideo values (6, '2013-07-09 00:00:00', 4, 44);
insert into segmentoVideo values (6, '2013-07-09 00:00:00', 5, 41);
insert into segmentoVideo values (7, '2013-07-18 00:00:00', 1, 50);
insert into segmentoVideo values (7, '2013-07-18 00:00:00', 2, 35);
insert into segmentoVideo values (7, '2013-07-18 00:00:00', 3, 23);
insert into segmentoVideo values (7, '2013-07-18 00:00:00', 4, 29);
insert into segmentoVideo values (7, '2013-07-18 00:00:00', 5, 22);
insert into segmentoVideo values (8, '2013-07-27 00:00:00', 1, 43);
insert into segmentoVideo values (8, '2013-07-27 00:00:00', 2, 50);
insert into segmentoVideo values (8, '2013-07-27 00:00:00', 3, 48);
insert into segmentoVideo values (8, '2013-07-27 00:00:00', 4, 29);
insert into segmentoVideo values (8, '2013-07-27 00:00:00', 5, 27);
insert into segmentoVideo values (9, '2013-08-05 00:00:00', 1, 46);
insert into segmentoVideo values (9, '2013-08-05 00:00:00', 2, 49);
insert into segmentoVideo values (9, '2013-08-05 00:00:00', 3, 29);
insert into segmentoVideo values (9, '2013-08-05 00:00:00', 4, 35);
insert into segmentoVideo values (9, '2013-08-05 00:00:00', 5, 49);
insert into segmentoVideo values (10, '2013-08-14 00:00:00', 1, 45);
insert into segmentoVideo values (10, '2013-08-14 00:00:00', 2, 24);
insert into segmentoVideo values (10, '2013-08-14 00:00:00', 3, 49);
insert into segmentoVideo values (10, '2013-08-14 00:00:00', 4, 23);
insert into segmentoVideo values (10, '2013-08-14 00:00:00', 5, 43);
insert into segmentoVideo values (11, '2013-08-23 00:00:00', 1, 43);
insert into segmentoVideo values (11, '2013-08-23 00:00:00', 2, 24);
insert into segmentoVideo values (11, '2013-08-23 00:00:00', 3, 47);
insert into segmentoVideo values (11, '2013-08-23 00:00:00', 4, 20);
insert into segmentoVideo values (11, '2013-08-23 00:00:00', 5, 23);
insert into segmentoVideo values (12, '2013-09-01 00:00:00', 1, 26);
insert into segmentoVideo values (12, '2013-09-01 00:00:00', 2, 24);
insert into segmentoVideo values (12, '2013-09-01 00:00:00', 3, 48);
insert into segmentoVideo values (12, '2013-09-01 00:00:00', 4, 23);
insert into segmentoVideo values (12, '2013-09-01 00:00:00', 5, 30);
insert into segmentoVideo values (13, '2013-09-10 00:00:00', 1, 27);
insert into segmentoVideo values (13, '2013-09-10 00:00:00', 2, 31);
insert into segmentoVideo values (13, '2013-09-10 00:00:00', 3, 26);
insert into segmentoVideo values (13, '2013-09-10 00:00:00', 4, 50);
insert into segmentoVideo values (13, '2013-09-10 00:00:00', 5, 46);
insert into segmentoVideo values (14, '2013-09-19 00:00:00', 1, 48);
insert into segmentoVideo values (14, '2013-09-19 00:00:00', 2, 43);
insert into segmentoVideo values (14, '2013-09-19 00:00:00', 3, 44);
insert into segmentoVideo values (14, '2013-09-19 00:00:00', 4, 42);
insert into segmentoVideo values (14, '2013-09-19 00:00:00', 5, 35);
insert into segmentoVideo values (15, '2013-09-28 00:00:00', 1, 20);
insert into segmentoVideo values (15, '2013-09-28 00:00:00', 2, 45);
insert into segmentoVideo values (15, '2013-09-28 00:00:00', 3, 39);
insert into segmentoVideo values (15, '2013-09-28 00:00:00', 4, 43);
insert into segmentoVideo values (15, '2013-09-28 00:00:00', 5, 43);
insert into segmentoVideo values (16, '2013-10-07 00:00:00', 1, 20);
insert into segmentoVideo values (16, '2013-10-07 00:00:00', 2, 27);
insert into segmentoVideo values (16, '2013-10-07 00:00:00', 3, 26);
insert into segmentoVideo values (16, '2013-10-07 00:00:00', 4, 36);
insert into segmentoVideo values (16, '2013-10-07 00:00:00', 5, 22);
insert into segmentoVideo values (17, '2013-10-16 00:00:00', 1, 28);
insert into segmentoVideo values (17, '2013-10-16 00:00:00', 2, 23);
insert into segmentoVideo values (17, '2013-10-16 00:00:00', 3, 28);
insert into segmentoVideo values (17, '2013-10-16 00:00:00', 4, 21);
insert into segmentoVideo values (17, '2013-10-16 00:00:00', 5, 21);
insert into segmentoVideo values (18, '2013-10-25 00:00:00', 1, 50);
insert into segmentoVideo values (18, '2013-10-25 00:00:00', 2, 50);
insert into segmentoVideo values (18, '2013-10-25 00:00:00', 3, 21);
insert into segmentoVideo values (18, '2013-10-25 00:00:00', 4, 41);
insert into segmentoVideo values (18, '2013-10-25 00:00:00', 5, 39);
insert into segmentoVideo values (19, '2013-11-03 00:00:00', 1, 34);
insert into segmentoVideo values (19, '2013-11-03 00:00:00', 2, 27);
insert into segmentoVideo values (19, '2013-11-03 00:00:00', 3, 39);
insert into segmentoVideo values (19, '2013-11-03 00:00:00', 4, 39);
insert into segmentoVideo values (19, '2013-11-03 00:00:00', 5, 40);
insert into segmentoVideo values (20, '2013-11-12 00:00:00', 1, 48);
insert into segmentoVideo values (20, '2013-11-12 00:00:00', 2, 47);
insert into segmentoVideo values (20, '2013-11-12 00:00:00', 3, 31);
insert into segmentoVideo values (20, '2013-11-12 00:00:00', 4, 42);
insert into segmentoVideo values (20, '2013-11-12 00:00:00', 5, 38);
insert into segmentoVideo values (21, '2013-11-21 00:00:00', 1, 30);
insert into segmentoVideo values (21, '2013-11-21 00:00:00', 2, 40);
insert into segmentoVideo values (21, '2013-11-21 00:00:00', 3, 21);
insert into segmentoVideo values (21, '2013-11-21 00:00:00', 4, 30);
insert into segmentoVideo values (21, '2013-11-21 00:00:00', 5, 43);
insert into segmentoVideo values (22, '2013-11-30 00:00:00', 1, 47);
insert into segmentoVideo values (22, '2013-11-30 00:00:00', 2, 35);
insert into segmentoVideo values (22, '2013-11-30 00:00:00', 3, 40);
insert into segmentoVideo values (22, '2013-11-30 00:00:00', 4, 44);
insert into segmentoVideo values (22, '2013-11-30 00:00:00', 5, 22);
insert into segmentoVideo values (23, '2013-12-09 00:00:00', 1, 34);
insert into segmentoVideo values (23, '2013-12-09 00:00:00', 2, 33);
insert into segmentoVideo values (23, '2013-12-09 00:00:00', 3, 20);
insert into segmentoVideo values (23, '2013-12-09 00:00:00', 4, 43);
insert into segmentoVideo values (23, '2013-12-09 00:00:00', 5, 43);
insert into segmentoVideo values (24, '2013-12-18 00:00:00', 1, 22);
insert into segmentoVideo values (24, '2013-12-18 00:00:00', 2, 25);
insert into segmentoVideo values (24, '2013-12-18 00:00:00', 3, 43);
insert into segmentoVideo values (24, '2013-12-18 00:00:00', 4, 23);
insert into segmentoVideo values (24, '2013-12-18 00:00:00', 5, 40);
insert into segmentoVideo values (25, '2013-12-27 00:00:00', 1, 37);
insert into segmentoVideo values (25, '2013-12-27 00:00:00', 2, 49);
insert into segmentoVideo values (25, '2013-12-27 00:00:00', 3, 49);
insert into segmentoVideo values (25, '2013-12-27 00:00:00', 4, 39);
insert into segmentoVideo values (25, '2013-12-27 00:00:00', 5, 36);
insert into segmentoVideo values (26, '2014-01-05 00:00:00', 1, 25);
insert into segmentoVideo values (26, '2014-01-05 00:00:00', 2, 46);
insert into segmentoVideo values (26, '2014-01-05 00:00:00', 3, 29);
insert into segmentoVideo values (26, '2014-01-05 00:00:00', 4, 22);
insert into segmentoVideo values (26, '2014-01-05 00:00:00', 5, 42);
insert into segmentoVideo values (27, '2014-01-14 00:00:00', 1, 49);
insert into segmentoVideo values (27, '2014-01-14 00:00:00', 2, 28);
insert into segmentoVideo values (27, '2014-01-14 00:00:00', 3, 33);
insert into segmentoVideo values (27, '2014-01-14 00:00:00', 4, 30);
insert into segmentoVideo values (27, '2014-01-14 00:00:00', 5, 23);
insert into segmentoVideo values (28, '2014-01-23 00:00:00', 1, 23);
insert into segmentoVideo values (28, '2014-01-23 00:00:00', 2, 38);
insert into segmentoVideo values (28, '2014-01-23 00:00:00', 3, 44);
insert into segmentoVideo values (28, '2014-01-23 00:00:00', 4, 32);
insert into segmentoVideo values (28, '2014-01-23 00:00:00', 5, 24);
insert into segmentoVideo values (29, '2014-02-01 00:00:00', 1, 48);
insert into segmentoVideo values (29, '2014-02-01 00:00:00', 2, 42);
insert into segmentoVideo values (29, '2014-02-01 00:00:00', 3, 31);
insert into segmentoVideo values (29, '2014-02-01 00:00:00', 4, 40);
insert into segmentoVideo values (29, '2014-02-01 00:00:00', 5, 26);
insert into segmentoVideo values (30, '2014-02-10 00:00:00', 1, 26);
insert into segmentoVideo values (30, '2014-02-10 00:00:00', 2, 23);
insert into segmentoVideo values (30, '2014-02-10 00:00:00', 3, 38);
insert into segmentoVideo values (30, '2014-02-10 00:00:00', 4, 38);
insert into segmentoVideo values (30, '2014-02-10 00:00:00', 5, 29);
insert into segmentoVideo values (31, '2014-02-19 00:00:00', 1, 21);
insert into segmentoVideo values (31, '2014-02-19 00:00:00', 2, 24);
insert into segmentoVideo values (31, '2014-02-19 00:00:00', 3, 31);
insert into segmentoVideo values (31, '2014-02-19 00:00:00', 4, 45);
insert into segmentoVideo values (31, '2014-02-19 00:00:00', 5, 35);
insert into segmentoVideo values (32, '2014-02-28 00:00:00', 1, 29);
insert into segmentoVideo values (32, '2014-02-28 00:00:00', 2, 33);
insert into segmentoVideo values (32, '2014-02-28 00:00:00', 3, 27);
insert into segmentoVideo values (32, '2014-02-28 00:00:00', 4, 33);
insert into segmentoVideo values (32, '2014-02-28 00:00:00', 5, 42);
insert into segmentoVideo values (33, '2014-03-09 00:00:00', 1, 24);
insert into segmentoVideo values (33, '2014-03-09 00:00:00', 2, 20);
insert into segmentoVideo values (33, '2014-03-09 00:00:00', 3, 32);
insert into segmentoVideo values (33, '2014-03-09 00:00:00', 4, 20);
insert into segmentoVideo values (33, '2014-03-09 00:00:00', 5, 40);
insert into segmentoVideo values (34, '2014-03-18 00:00:00', 1, 22);
insert into segmentoVideo values (34, '2014-03-18 00:00:00', 2, 38);
insert into segmentoVideo values (34, '2014-03-18 00:00:00', 3, 41);
insert into segmentoVideo values (34, '2014-03-18 00:00:00', 4, 49);
insert into segmentoVideo values (34, '2014-03-18 00:00:00', 5, 25);
insert into segmentoVideo values (35, '2014-03-27 00:00:00', 1, 45);
insert into segmentoVideo values (35, '2014-03-27 00:00:00', 2, 43);
insert into segmentoVideo values (35, '2014-03-27 00:00:00', 3, 35);
insert into segmentoVideo values (35, '2014-03-27 00:00:00', 4, 48);
insert into segmentoVideo values (35, '2014-03-27 00:00:00', 5, 45);
insert into segmentoVideo values (36, '2014-04-05 00:00:00', 1, 41);
insert into segmentoVideo values (36, '2014-04-05 00:00:00', 2, 30);
insert into segmentoVideo values (36, '2014-04-05 00:00:00', 3, 27);
insert into segmentoVideo values (36, '2014-04-05 00:00:00', 4, 43);
insert into segmentoVideo values (36, '2014-04-05 00:00:00', 5, 28);
insert into segmentoVideo values (37, '2014-04-14 00:00:00', 1, 30);
insert into segmentoVideo values (37, '2014-04-14 00:00:00', 2, 23);
insert into segmentoVideo values (37, '2014-04-14 00:00:00', 3, 31);
insert into segmentoVideo values (37, '2014-04-14 00:00:00', 4, 22);
insert into segmentoVideo values (37, '2014-04-14 00:00:00', 5, 38);
insert into segmentoVideo values (38, '2014-04-23 00:00:00', 1, 46);
insert into segmentoVideo values (38, '2014-04-23 00:00:00', 2, 21);
insert into segmentoVideo values (38, '2014-04-23 00:00:00', 3, 40);
insert into segmentoVideo values (38, '2014-04-23 00:00:00', 4, 47);
insert into segmentoVideo values (38, '2014-04-23 00:00:00', 5, 26);
insert into segmentoVideo values (39, '2014-05-02 00:00:00', 1, 29);
insert into segmentoVideo values (39, '2014-05-02 00:00:00', 2, 34);
insert into segmentoVideo values (39, '2014-05-02 00:00:00', 3, 45);
insert into segmentoVideo values (39, '2014-05-02 00:00:00', 4, 34);
insert into segmentoVideo values (39, '2014-05-02 00:00:00', 5, 38);
insert into segmentoVideo values (40, '2014-05-11 00:00:00', 1, 26);
insert into segmentoVideo values (40, '2014-05-11 00:00:00', 2, 48);
insert into segmentoVideo values (40, '2014-05-11 00:00:00', 3, 46);
insert into segmentoVideo values (40, '2014-05-11 00:00:00', 4, 43);
insert into segmentoVideo values (40, '2014-05-11 00:00:00', 5, 27);
insert into segmentoVideo values (41, '2014-05-20 00:00:00', 1, 43);
insert into segmentoVideo values (41, '2014-05-20 00:00:00', 2, 36);
insert into segmentoVideo values (41, '2014-05-20 00:00:00', 3, 35);
insert into segmentoVideo values (41, '2014-05-20 00:00:00', 4, 43);
insert into segmentoVideo values (41, '2014-05-20 00:00:00', 5, 41);
insert into segmentoVideo values (42, '2014-05-29 00:00:00', 1, 44);
insert into segmentoVideo values (42, '2014-05-29 00:00:00', 2, 39);
insert into segmentoVideo values (42, '2014-05-29 00:00:00', 3, 20);
insert into segmentoVideo values (42, '2014-05-29 00:00:00', 4, 49);
insert into segmentoVideo values (42, '2014-05-29 00:00:00', 5, 24);
insert into segmentoVideo values (43, '2014-06-07 00:00:00', 1, 42);
insert into segmentoVideo values (43, '2014-06-07 00:00:00', 2, 40);
insert into segmentoVideo values (43, '2014-06-07 00:00:00', 3, 26);
insert into segmentoVideo values (43, '2014-06-07 00:00:00', 4, 20);
insert into segmentoVideo values (43, '2014-06-07 00:00:00', 5, 43);
insert into segmentoVideo values (44, '2014-06-16 00:00:00', 1, 49);
insert into segmentoVideo values (44, '2014-06-16 00:00:00', 2, 20);
insert into segmentoVideo values (44, '2014-06-16 00:00:00', 3, 50);
insert into segmentoVideo values (44, '2014-06-16 00:00:00', 4, 36);
insert into segmentoVideo values (44, '2014-06-16 00:00:00', 5, 42);
insert into segmentoVideo values (45, '2014-06-25 00:00:00', 1, 26);
insert into segmentoVideo values (45, '2014-06-25 00:00:00', 2, 46);
insert into segmentoVideo values (45, '2014-06-25 00:00:00', 3, 26);
insert into segmentoVideo values (45, '2014-06-25 00:00:00', 4, 32);
insert into segmentoVideo values (45, '2014-06-25 00:00:00', 5, 39);
insert into segmentoVideo values (46, '2014-07-04 00:00:00', 1, 47);
insert into segmentoVideo values (46, '2014-07-04 00:00:00', 2, 27);
insert into segmentoVideo values (46, '2014-07-04 00:00:00', 3, 45);
insert into segmentoVideo values (46, '2014-07-04 00:00:00', 4, 34);
insert into segmentoVideo values (46, '2014-07-04 00:00:00', 5, 44);
insert into segmentoVideo values (47, '2014-07-13 00:00:00', 1, 24);
insert into segmentoVideo values (47, '2014-07-13 00:00:00', 2, 29);
insert into segmentoVideo values (47, '2014-07-13 00:00:00', 3, 22);
insert into segmentoVideo values (47, '2014-07-13 00:00:00', 4, 33);
insert into segmentoVideo values (47, '2014-07-13 00:00:00', 5, 27);
insert into segmentoVideo values (48, '2014-07-22 00:00:00', 1, 47);
insert into segmentoVideo values (48, '2014-07-22 00:00:00', 2, 33);
insert into segmentoVideo values (48, '2014-07-22 00:00:00', 3, 42);
insert into segmentoVideo values (48, '2014-07-22 00:00:00', 4, 46);
insert into segmentoVideo values (48, '2014-07-22 00:00:00', 5, 22);
insert into segmentoVideo values (49, '2014-07-31 00:00:00', 1, 36);
insert into segmentoVideo values (49, '2014-07-31 00:00:00', 2, 41);
insert into segmentoVideo values (49, '2014-07-31 00:00:00', 3, 35);
insert into segmentoVideo values (49, '2014-07-31 00:00:00', 4, 44);
insert into segmentoVideo values (49, '2014-07-31 00:00:00', 5, 39);
insert into segmentoVideo values (50, '2014-08-09 00:00:00', 1, 43);
insert into segmentoVideo values (50, '2014-08-09 00:00:00', 2, 30);
insert into segmentoVideo values (50, '2014-08-09 00:00:00', 3, 23);
insert into segmentoVideo values (50, '2014-08-09 00:00:00', 4, 24);
insert into segmentoVideo values (50, '2014-08-09 00:00:00', 5, 36);
insert into segmentoVideo values (51, '2014-08-18 00:00:00', 1, 33);
insert into segmentoVideo values (51, '2014-08-18 00:00:00', 2, 49);
insert into segmentoVideo values (51, '2014-08-18 00:00:00', 3, 36);
insert into segmentoVideo values (51, '2014-08-18 00:00:00', 4, 46);
insert into segmentoVideo values (51, '2014-08-18 00:00:00', 5, 30);
insert into segmentoVideo values (52, '2014-08-27 00:00:00', 1, 25);
insert into segmentoVideo values (52, '2014-08-27 00:00:00', 2, 22);
insert into segmentoVideo values (52, '2014-08-27 00:00:00', 3, 25);
insert into segmentoVideo values (52, '2014-08-27 00:00:00', 4, 45);
insert into segmentoVideo values (52, '2014-08-27 00:00:00', 5, 34);
insert into segmentoVideo values (53, '2014-09-05 00:00:00', 1, 44);
insert into segmentoVideo values (53, '2014-09-05 00:00:00', 2, 41);
insert into segmentoVideo values (53, '2014-09-05 00:00:00', 3, 47);
insert into segmentoVideo values (53, '2014-09-05 00:00:00', 4, 23);
insert into segmentoVideo values (53, '2014-09-05 00:00:00', 5, 49);
insert into segmentoVideo values (54, '2014-09-14 00:00:00', 1, 40);
insert into segmentoVideo values (54, '2014-09-14 00:00:00', 2, 21);
insert into segmentoVideo values (54, '2014-09-14 00:00:00', 3, 43);
insert into segmentoVideo values (54, '2014-09-14 00:00:00', 4, 42);
insert into segmentoVideo values (54, '2014-09-14 00:00:00', 5, 41);
insert into segmentoVideo values (55, '2014-09-23 00:00:00', 1, 26);
insert into segmentoVideo values (55, '2014-09-23 00:00:00', 2, 36);
insert into segmentoVideo values (55, '2014-09-23 00:00:00', 3, 26);
insert into segmentoVideo values (55, '2014-09-23 00:00:00', 4, 35);
insert into segmentoVideo values (55, '2014-09-23 00:00:00', 5, 25);
insert into segmentoVideo values (56, '2014-10-02 00:00:00', 1, 46);
insert into segmentoVideo values (56, '2014-10-02 00:00:00', 2, 48);
insert into segmentoVideo values (56, '2014-10-02 00:00:00', 3, 29);
insert into segmentoVideo values (56, '2014-10-02 00:00:00', 4, 47);
insert into segmentoVideo values (56, '2014-10-02 00:00:00', 5, 29);
insert into segmentoVideo values (57, '2014-10-11 00:00:00', 1, 40);
insert into segmentoVideo values (57, '2014-10-11 00:00:00', 2, 22);
insert into segmentoVideo values (57, '2014-10-11 00:00:00', 3, 28);
insert into segmentoVideo values (57, '2014-10-11 00:00:00', 4, 40);
insert into segmentoVideo values (57, '2014-10-11 00:00:00', 5, 38);
insert into segmentoVideo values (58, '2014-10-20 00:00:00', 1, 33);
insert into segmentoVideo values (58, '2014-10-20 00:00:00', 2, 32);
insert into segmentoVideo values (58, '2014-10-20 00:00:00', 3, 50);
insert into segmentoVideo values (58, '2014-10-20 00:00:00', 4, 50);
insert into segmentoVideo values (58, '2014-10-20 00:00:00', 5, 24);
insert into segmentoVideo values (59, '2014-10-29 00:00:00', 1, 20);
insert into segmentoVideo values (59, '2014-10-29 00:00:00', 2, 20);
insert into segmentoVideo values (59, '2014-10-29 00:00:00', 3, 28);
insert into segmentoVideo values (59, '2014-10-29 00:00:00', 4, 32);
insert into segmentoVideo values (59, '2014-10-29 00:00:00', 5, 33);
insert into segmentoVideo values (60, '2014-11-07 00:00:00', 1, 45);
insert into segmentoVideo values (60, '2014-11-07 00:00:00', 2, 49);
insert into segmentoVideo values (60, '2014-11-07 00:00:00', 3, 27);
insert into segmentoVideo values (60, '2014-11-07 00:00:00', 4, 34);
insert into segmentoVideo values (60, '2014-11-07 00:00:00', 5, 29);
insert into segmentoVideo values (61, '2014-11-16 00:00:00', 1, 49);
insert into segmentoVideo values (61, '2014-11-16 00:00:00', 2, 40);
insert into segmentoVideo values (61, '2014-11-16 00:00:00', 3, 46);
insert into segmentoVideo values (61, '2014-11-16 00:00:00', 4, 28);
insert into segmentoVideo values (61, '2014-11-16 00:00:00', 5, 29);
insert into segmentoVideo values (62, '2014-11-25 00:00:00', 1, 28);
insert into segmentoVideo values (62, '2014-11-25 00:00:00', 2, 46);
insert into segmentoVideo values (62, '2014-11-25 00:00:00', 3, 45);
insert into segmentoVideo values (62, '2014-11-25 00:00:00', 4, 33);
insert into segmentoVideo values (62, '2014-11-25 00:00:00', 5, 24);
insert into segmentoVideo values (63, '2014-12-04 00:00:00', 1, 31);
insert into segmentoVideo values (63, '2014-12-04 00:00:00', 2, 40);
insert into segmentoVideo values (63, '2014-12-04 00:00:00', 3, 47);
insert into segmentoVideo values (63, '2014-12-04 00:00:00', 4, 21);
insert into segmentoVideo values (63, '2014-12-04 00:00:00', 5, 38);
insert into segmentoVideo values (64, '2014-12-13 00:00:00', 1, 26);
insert into segmentoVideo values (64, '2014-12-13 00:00:00', 2, 23);
insert into segmentoVideo values (64, '2014-12-13 00:00:00', 3, 33);
insert into segmentoVideo values (64, '2014-12-13 00:00:00', 4, 26);
insert into segmentoVideo values (64, '2014-12-13 00:00:00', 5, 20);
insert into segmentoVideo values (65, '2014-12-22 00:00:00', 1, 42);
insert into segmentoVideo values (65, '2014-12-22 00:00:00', 2, 24);
insert into segmentoVideo values (65, '2014-12-22 00:00:00', 3, 43);
insert into segmentoVideo values (65, '2014-12-22 00:00:00', 4, 48);
insert into segmentoVideo values (65, '2014-12-22 00:00:00', 5, 26);
insert into segmentoVideo values (66, '2014-12-31 00:00:00', 1, 41);
insert into segmentoVideo values (66, '2014-12-31 00:00:00', 2, 33);
insert into segmentoVideo values (66, '2014-12-31 00:00:00', 3, 44);
insert into segmentoVideo values (66, '2014-12-31 00:00:00', 4, 44);
insert into segmentoVideo values (66, '2014-12-31 00:00:00', 5, 27);
insert into segmentoVideo values (67, '2015-01-09 00:00:00', 1, 38);
insert into segmentoVideo values (67, '2015-01-09 00:00:00', 2, 43);
insert into segmentoVideo values (67, '2015-01-09 00:00:00', 3, 33);
insert into segmentoVideo values (67, '2015-01-09 00:00:00', 4, 43);
insert into segmentoVideo values (67, '2015-01-09 00:00:00', 5, 26);
insert into segmentoVideo values (68, '2015-01-18 00:00:00', 1, 41);
insert into segmentoVideo values (68, '2015-01-18 00:00:00', 2, 44);
insert into segmentoVideo values (68, '2015-01-18 00:00:00', 3, 50);
insert into segmentoVideo values (68, '2015-01-18 00:00:00', 4, 40);
insert into segmentoVideo values (68, '2015-01-18 00:00:00', 5, 29);
insert into segmentoVideo values (69, '2015-01-27 00:00:00', 1, 29);
insert into segmentoVideo values (69, '2015-01-27 00:00:00', 2, 35);
insert into segmentoVideo values (69, '2015-01-27 00:00:00', 3, 44);
insert into segmentoVideo values (69, '2015-01-27 00:00:00', 4, 35);
insert into segmentoVideo values (69, '2015-01-27 00:00:00', 5, 36);
insert into segmentoVideo values (70, '2015-02-05 00:00:00', 1, 27);
insert into segmentoVideo values (70, '2015-02-05 00:00:00', 2, 35);
insert into segmentoVideo values (70, '2015-02-05 00:00:00', 3, 37);
insert into segmentoVideo values (70, '2015-02-05 00:00:00', 4, 34);
insert into segmentoVideo values (70, '2015-02-05 00:00:00', 5, 26);
insert into segmentoVideo values (71, '2015-02-14 00:00:00', 1, 24);
insert into segmentoVideo values (71, '2015-02-14 00:00:00', 2, 36);
insert into segmentoVideo values (71, '2015-02-14 00:00:00', 3, 46);
insert into segmentoVideo values (71, '2015-02-14 00:00:00', 4, 41);
insert into segmentoVideo values (71, '2015-02-14 00:00:00', 5, 47);
insert into segmentoVideo values (72, '2015-02-23 00:00:00', 1, 25);
insert into segmentoVideo values (72, '2015-02-23 00:00:00', 2, 46);
insert into segmentoVideo values (72, '2015-02-23 00:00:00', 3, 41);
insert into segmentoVideo values (72, '2015-02-23 00:00:00', 4, 31);
insert into segmentoVideo values (72, '2015-02-23 00:00:00', 5, 35);
insert into segmentoVideo values (73, '2015-03-04 00:00:00', 1, 50);
insert into segmentoVideo values (73, '2015-03-04 00:00:00', 2, 46);
insert into segmentoVideo values (73, '2015-03-04 00:00:00', 3, 36);
insert into segmentoVideo values (73, '2015-03-04 00:00:00', 4, 37);
insert into segmentoVideo values (73, '2015-03-04 00:00:00', 5, 40);
insert into segmentoVideo values (74, '2015-03-13 00:00:00', 1, 23);
insert into segmentoVideo values (74, '2015-03-13 00:00:00', 2, 36);
insert into segmentoVideo values (74, '2015-03-13 00:00:00', 3, 20);
insert into segmentoVideo values (74, '2015-03-13 00:00:00', 4, 23);
insert into segmentoVideo values (74, '2015-03-13 00:00:00', 5, 44);
insert into segmentoVideo values (75, '2015-03-22 00:00:00', 1, 23);
insert into segmentoVideo values (75, '2015-03-22 00:00:00', 2, 48);
insert into segmentoVideo values (75, '2015-03-22 00:00:00', 3, 47);
insert into segmentoVideo values (75, '2015-03-22 00:00:00', 4, 49);
insert into segmentoVideo values (75, '2015-03-22 00:00:00', 5, 23);
insert into segmentoVideo values (76, '2015-03-31 00:00:00', 1, 31);
insert into segmentoVideo values (76, '2015-03-31 00:00:00', 2, 29);
insert into segmentoVideo values (76, '2015-03-31 00:00:00', 3, 30);
insert into segmentoVideo values (76, '2015-03-31 00:00:00', 4, 31);
insert into segmentoVideo values (76, '2015-03-31 00:00:00', 5, 45);
insert into segmentoVideo values (77, '2015-04-09 00:00:00', 1, 49);
insert into segmentoVideo values (77, '2015-04-09 00:00:00', 2, 28);
insert into segmentoVideo values (77, '2015-04-09 00:00:00', 3, 22);
insert into segmentoVideo values (77, '2015-04-09 00:00:00', 4, 35);
insert into segmentoVideo values (77, '2015-04-09 00:00:00', 5, 50);
insert into segmentoVideo values (78, '2015-04-18 00:00:00', 1, 46);
insert into segmentoVideo values (78, '2015-04-18 00:00:00', 2, 42);
insert into segmentoVideo values (78, '2015-04-18 00:00:00', 3, 46);
insert into segmentoVideo values (78, '2015-04-18 00:00:00', 4, 24);
insert into segmentoVideo values (78, '2015-04-18 00:00:00', 5, 44);
insert into segmentoVideo values (79, '2015-04-27 00:00:00', 1, 47);
insert into segmentoVideo values (79, '2015-04-27 00:00:00', 2, 23);
insert into segmentoVideo values (79, '2015-04-27 00:00:00', 3, 23);
insert into segmentoVideo values (79, '2015-04-27 00:00:00', 4, 47);
insert into segmentoVideo values (79, '2015-04-27 00:00:00', 5, 23);
insert into segmentoVideo values (80, '2015-05-06 00:00:00', 1, 37);
insert into segmentoVideo values (80, '2015-05-06 00:00:00', 2, 32);
insert into segmentoVideo values (80, '2015-05-06 00:00:00', 3, 26);
insert into segmentoVideo values (80, '2015-05-06 00:00:00', 4, 41);
insert into segmentoVideo values (80, '2015-05-06 00:00:00', 5, 27);
insert into segmentoVideo values (81, '2015-05-15 00:00:00', 1, 46);
insert into segmentoVideo values (81, '2015-05-15 00:00:00', 2, 41);
insert into segmentoVideo values (81, '2015-05-15 00:00:00', 3, 21);
insert into segmentoVideo values (81, '2015-05-15 00:00:00', 4, 30);
insert into segmentoVideo values (81, '2015-05-15 00:00:00', 5, 24);
insert into segmentoVideo values (82, '2015-05-24 00:00:00', 1, 37);
insert into segmentoVideo values (82, '2015-05-24 00:00:00', 2, 34);
insert into segmentoVideo values (82, '2015-05-24 00:00:00', 3, 26);
insert into segmentoVideo values (82, '2015-05-24 00:00:00', 4, 42);
insert into segmentoVideo values (82, '2015-05-24 00:00:00', 5, 29);
insert into segmentoVideo values (83, '2015-06-02 00:00:00', 1, 28);
insert into segmentoVideo values (83, '2015-06-02 00:00:00', 2, 36);
insert into segmentoVideo values (83, '2015-06-02 00:00:00', 3, 45);
insert into segmentoVideo values (83, '2015-06-02 00:00:00', 4, 40);
insert into segmentoVideo values (83, '2015-06-02 00:00:00', 5, 34);
insert into segmentoVideo values (84, '2015-06-11 00:00:00', 1, 47);
insert into segmentoVideo values (84, '2015-06-11 00:00:00', 2, 33);
insert into segmentoVideo values (84, '2015-06-11 00:00:00', 3, 35);
insert into segmentoVideo values (84, '2015-06-11 00:00:00', 4, 30);
insert into segmentoVideo values (84, '2015-06-11 00:00:00', 5, 35);
insert into segmentoVideo values (85, '2015-06-20 00:00:00', 1, 50);
insert into segmentoVideo values (85, '2015-06-20 00:00:00', 2, 43);
insert into segmentoVideo values (85, '2015-06-20 00:00:00', 3, 29);
insert into segmentoVideo values (85, '2015-06-20 00:00:00', 4, 42);
insert into segmentoVideo values (85, '2015-06-20 00:00:00', 5, 44);
insert into segmentoVideo values (86, '2015-06-29 00:00:00', 1, 34);
insert into segmentoVideo values (86, '2015-06-29 00:00:00', 2, 39);
insert into segmentoVideo values (86, '2015-06-29 00:00:00', 3, 27);
insert into segmentoVideo values (86, '2015-06-29 00:00:00', 4, 48);
insert into segmentoVideo values (86, '2015-06-29 00:00:00', 5, 25);
insert into segmentoVideo values (87, '2015-07-08 00:00:00', 1, 34);
insert into segmentoVideo values (87, '2015-07-08 00:00:00', 2, 42);
insert into segmentoVideo values (87, '2015-07-08 00:00:00', 3, 44);
insert into segmentoVideo values (87, '2015-07-08 00:00:00', 4, 41);
insert into segmentoVideo values (87, '2015-07-08 00:00:00', 5, 20);
insert into segmentoVideo values (88, '2015-07-17 00:00:00', 1, 35);
insert into segmentoVideo values (88, '2015-07-17 00:00:00', 2, 42);
insert into segmentoVideo values (88, '2015-07-17 00:00:00', 3, 30);
insert into segmentoVideo values (88, '2015-07-17 00:00:00', 4, 24);
insert into segmentoVideo values (88, '2015-07-17 00:00:00', 5, 28);
insert into segmentoVideo values (89, '2015-07-26 00:00:00', 1, 50);
insert into segmentoVideo values (89, '2015-07-26 00:00:00', 2, 24);
insert into segmentoVideo values (89, '2015-07-26 00:00:00', 3, 31);
insert into segmentoVideo values (89, '2015-07-26 00:00:00', 4, 44);
insert into segmentoVideo values (89, '2015-07-26 00:00:00', 5, 43);
insert into segmentoVideo values (90, '2015-08-04 00:00:00', 1, 43);
insert into segmentoVideo values (90, '2015-08-04 00:00:00', 2, 36);
insert into segmentoVideo values (90, '2015-08-04 00:00:00', 3, 34);
insert into segmentoVideo values (90, '2015-08-04 00:00:00', 4, 47);
insert into segmentoVideo values (90, '2015-08-04 00:00:00', 5, 28);
insert into segmentoVideo values (91, '2015-08-13 00:00:00', 1, 27);
insert into segmentoVideo values (91, '2015-08-13 00:00:00', 2, 45);
insert into segmentoVideo values (91, '2015-08-13 00:00:00', 3, 47);
insert into segmentoVideo values (91, '2015-08-13 00:00:00', 4, 21);
insert into segmentoVideo values (91, '2015-08-13 00:00:00', 5, 28);
insert into segmentoVideo values (92, '2015-08-22 00:00:00', 1, 29);
insert into segmentoVideo values (92, '2015-08-22 00:00:00', 2, 28);
insert into segmentoVideo values (92, '2015-08-22 00:00:00', 3, 32);
insert into segmentoVideo values (92, '2015-08-22 00:00:00', 4, 30);
insert into segmentoVideo values (92, '2015-08-22 00:00:00', 5, 35);
insert into segmentoVideo values (93, '2015-08-31 00:00:00', 1, 29);
insert into segmentoVideo values (93, '2015-08-31 00:00:00', 2, 29);
insert into segmentoVideo values (93, '2015-08-31 00:00:00', 3, 22);
insert into segmentoVideo values (93, '2015-08-31 00:00:00', 4, 41);
insert into segmentoVideo values (93, '2015-08-31 00:00:00', 5, 31);
insert into segmentoVideo values (94, '2015-09-09 00:00:00', 1, 35);
insert into segmentoVideo values (94, '2015-09-09 00:00:00', 2, 29);
insert into segmentoVideo values (94, '2015-09-09 00:00:00', 3, 42);
insert into segmentoVideo values (94, '2015-09-09 00:00:00', 4, 38);
insert into segmentoVideo values (94, '2015-09-09 00:00:00', 5, 38);
insert into segmentoVideo values (95, '2015-09-18 00:00:00', 1, 38);
insert into segmentoVideo values (95, '2015-09-18 00:00:00', 2, 20);
insert into segmentoVideo values (95, '2015-09-18 00:00:00', 3, 40);
insert into segmentoVideo values (95, '2015-09-18 00:00:00', 4, 24);
insert into segmentoVideo values (95, '2015-09-18 00:00:00', 5, 28);
insert into segmentoVideo values (96, '2015-09-27 00:00:00', 1, 50);
insert into segmentoVideo values (96, '2015-09-27 00:00:00', 2, 43);
insert into segmentoVideo values (96, '2015-09-27 00:00:00', 3, 29);
insert into segmentoVideo values (96, '2015-09-27 00:00:00', 4, 22);
insert into segmentoVideo values (96, '2015-09-27 00:00:00', 5, 43);
insert into segmentoVideo values (97, '2015-10-06 00:00:00', 1, 41);
insert into segmentoVideo values (97, '2015-10-06 00:00:00', 2, 37);
insert into segmentoVideo values (97, '2015-10-06 00:00:00', 3, 42);
insert into segmentoVideo values (97, '2015-10-06 00:00:00', 4, 43);
insert into segmentoVideo values (97, '2015-10-06 00:00:00', 5, 36);
insert into segmentoVideo values (98, '2015-10-15 00:00:00', 1, 21);
insert into segmentoVideo values (98, '2015-10-15 00:00:00', 2, 36);
insert into segmentoVideo values (98, '2015-10-15 00:00:00', 3, 23);
insert into segmentoVideo values (98, '2015-10-15 00:00:00', 4, 36);
insert into segmentoVideo values (98, '2015-10-15 00:00:00', 5, 35);
insert into segmentoVideo values (99, '2015-10-24 00:00:00', 1, 42);
insert into segmentoVideo values (99, '2015-10-24 00:00:00', 2, 36);
insert into segmentoVideo values (99, '2015-10-24 00:00:00', 3, 37);
insert into segmentoVideo values (99, '2015-10-24 00:00:00', 4, 21);
insert into segmentoVideo values (99, '2015-10-24 00:00:00', 5, 33);
insert into segmentoVideo values (100, '2015-11-02 00:00:00', 1, 37);
insert into segmentoVideo values (100, '2015-11-02 00:00:00', 2, 44);
insert into segmentoVideo values (100, '2015-11-02 00:00:00', 3, 45);
insert into segmentoVideo values (100, '2015-11-02 00:00:00', 4, 27);
insert into segmentoVideo values (100, '2015-11-02 00:00:00', 5, 44);

--local
insert into local values ('Aveiro');
insert into local values ('Alcoutim');
insert into local values ('Vila do Conde');
insert into local values ('Vila Nova de Gaia');
insert into local values ('Angra do Heroísmo');
insert into local values ('Almeida');
insert into local values ('Góis');
insert into local values ('Manteigas');
insert into local values ('Olhão');
insert into local values ('Oliveira de Azeméis');
insert into local values ('Calheta');
insert into local values ('Vila do Bispo');
insert into local values ('Porto');
insert into local values ('Santa Comba Dão');
insert into local values ('Seixal');
insert into local values ('Constância');
insert into local values ('Vale de Cambra');
insert into local values ('Bombarral');
insert into local values ('Horta');
insert into local values ('Ourém');
insert into local values ('Salvaterra de Magos');
insert into local values ('Penacova');
insert into local values ('Sátão');
insert into local values ('Vila Flor');
insert into local values ('Alenquer');
insert into local values ('Melgaço');
insert into local values ('Coimbra');
insert into local values ('Amadora');
insert into local values ('Estarreja');
insert into local values ('Sever do Vouga');
insert into local values ('São Brás de Alportel');
insert into local values ('Fafe');
insert into local values ('Mértola');
insert into local values ('Porto Moniz');
insert into local values ('Castelo Branco');
insert into local values ('Mora');
insert into local values ('Marinha Grande');
insert into local values ('Guimarães');
insert into local values ('Vizela');
insert into local values ('Serpa');
insert into local values ('São João da Pesqueira');
insert into local values ('Castanheira de Pera');
insert into local values ('Pedrógão Grande');
insert into local values ('Resende');
insert into local values ('Marco de Canaveses');
insert into local values ('Moita');
insert into local values ('Arruda dos Vinhos');
insert into local values ('Pampilhosa da Serra');
insert into local values ('Covilhã');
insert into local values ('Loulé');
insert into local values ('Vidigueira');
insert into local values ('São João da Madeira');
insert into local values ('Terras de Bouro');
insert into local values ('Mesão Frio');
insert into local values ('Ílhavo');
insert into local values ('Penela');
insert into local values ('Póvoa de Lanhoso');
insert into local values ('Ferreira do Zêzere');
insert into local values ('Mafra');
insert into local values ('Madalena');
insert into local values ('Penedono');
insert into local values ('Cadaval');
insert into local values ('Vila Viçosa');
insert into local values ('São Pedro do Sul');
insert into local values ('Vila Nova da Barquinha');
insert into local values ('Sernancelhe');
insert into local values ('Vila Real de Santo António');
insert into local values ('Murtosa');
insert into local values ('Murça');
insert into local values ('Sertã');
insert into local values ('Esposende');
insert into local values ('Funchal');
insert into local values ('Vila Real');
insert into local values ('Montijo');
insert into local values ('Ansião');
insert into local values ('Vila de Rei');
insert into local values ('Castelo de Paiva');
insert into local values ('Coruche');
insert into local values ('Elvas');
insert into local values ('Reguengos de Monsaraz');
insert into local values ('Santa Cruz das Flores');
insert into local values ('Anadia');
insert into local values ('Tondela');
insert into local values ('Belmonte');
insert into local values ('Oleiros');
insert into local values ('Nelas');
insert into local values ('Sesimbra');
insert into local values ('Beja');
insert into local values ('Monforte');
insert into local values ('Santa Marta de Penaguião');
insert into local values ('Miranda do Douro');
insert into local values ('Velas');
insert into local values ('Aljustrel');
insert into local values ('Armamar');
insert into local values ('Alvaiázere');
insert into local values ('Arouca');
insert into local values ('Redondo');
insert into local values ('Alcácer do Sal');
insert into local values ('Vila Pouca de Aguiar');
insert into local values ('Vouzela');

--vigia
insert into vigia values ('1', 'Aveiro');
insert into vigia values ('2', 'Alcoutim');
insert into vigia values ('3', 'Vila do Conde');
insert into vigia values ('4', 'Vila Nova de Gaia');
insert into vigia values ('5', 'Angra do Heroísmo');
insert into vigia values ('6', 'Almeida');
insert into vigia values ('7', 'Góis');
insert into vigia values ('8', 'Manteigas');
insert into vigia values ('9', 'Olhão');
insert into vigia values ('10', 'Oliveira de Azeméis');
insert into vigia values ('11', 'Calheta');
insert into vigia values ('12', 'Vila do Bispo');
insert into vigia values ('13', 'Porto');
insert into vigia values ('14', 'Santa Comba Dão');
insert into vigia values ('15', 'Seixal');
insert into vigia values ('16', 'Constância');
insert into vigia values ('17', 'Vale de Cambra');
insert into vigia values ('18', 'Bombarral');
insert into vigia values ('19', 'Horta');
insert into vigia values ('20', 'Ourém');
insert into vigia values ('21', 'Salvaterra de Magos');
insert into vigia values ('22', 'Penacova');
insert into vigia values ('23', 'Sátão');
insert into vigia values ('24', 'Vila Flor');
insert into vigia values ('25', 'Alenquer');
insert into vigia values ('26', 'Melgaço');
insert into vigia values ('27', 'Coimbra');
insert into vigia values ('28', 'Amadora');
insert into vigia values ('29', 'Estarreja');
insert into vigia values ('30', 'Sever do Vouga');
insert into vigia values ('31', 'São Brás de Alportel');
insert into vigia values ('32', 'Fafe');
insert into vigia values ('33', 'Mértola');
insert into vigia values ('34', 'Porto Moniz');
insert into vigia values ('35', 'Castelo Branco');
insert into vigia values ('36', 'Mora');
insert into vigia values ('37', 'Marinha Grande');
insert into vigia values ('38', 'Guimarães');
insert into vigia values ('39', 'Vizela');
insert into vigia values ('40', 'Serpa');
insert into vigia values ('41', 'São João da Pesqueira');
insert into vigia values ('42', 'Castanheira de Pera');
insert into vigia values ('43', 'Pedrógão Grande');
insert into vigia values ('44', 'Resende');
insert into vigia values ('45', 'Marco de Canaveses');
insert into vigia values ('46', 'Moita');
insert into vigia values ('47', 'Arruda dos Vinhos');
insert into vigia values ('48', 'Pampilhosa da Serra');
insert into vigia values ('49', 'Covilhã');
insert into vigia values ('50', 'Loulé');
insert into vigia values ('51', 'Vidigueira');
insert into vigia values ('52', 'São João da Madeira');
insert into vigia values ('53', 'Terras de Bouro');
insert into vigia values ('54', 'Mesão Frio');
insert into vigia values ('55', 'Ílhavo');
insert into vigia values ('56', 'Penela');
insert into vigia values ('57', 'Póvoa de Lanhoso');
insert into vigia values ('58', 'Ferreira do Zêzere');
insert into vigia values ('59', 'Mafra');
insert into vigia values ('60', 'Madalena');
insert into vigia values ('61', 'Penedono');
insert into vigia values ('62', 'Cadaval');
insert into vigia values ('63', 'Vila Viçosa');
insert into vigia values ('64', 'São Pedro do Sul');
insert into vigia values ('65', 'Vila Nova da Barquinha');
insert into vigia values ('66', 'Sernancelhe');
insert into vigia values ('67', 'Vila Real de Santo António');
insert into vigia values ('68', 'Murtosa');
insert into vigia values ('69', 'Murça');
insert into vigia values ('70', 'Sertã');
insert into vigia values ('71', 'Esposende');
insert into vigia values ('72', 'Funchal');
insert into vigia values ('73', 'Vila Real');
insert into vigia values ('74', 'Montijo');
insert into vigia values ('75', 'Ansião');
insert into vigia values ('76', 'Vila de Rei');
insert into vigia values ('77', 'Castelo de Paiva');
insert into vigia values ('78', 'Coruche');
insert into vigia values ('79', 'Elvas');
insert into vigia values ('80', 'Reguengos de Monsaraz');
insert into vigia values ('81', 'Santa Cruz das Flores');
insert into vigia values ('82', 'Anadia');
insert into vigia values ('83', 'Tondela');
insert into vigia values ('84', 'Belmonte');
insert into vigia values ('85', 'Oleiros');
insert into vigia values ('86', 'Nelas');
insert into vigia values ('87', 'Sesimbra');
insert into vigia values ('88', 'Beja');
insert into vigia values ('89', 'Monforte');
insert into vigia values ('90', 'Santa Marta de Penaguião');
insert into vigia values ('91', 'Miranda do Douro');
insert into vigia values ('92', 'Velas');
insert into vigia values ('93', 'Aljustrel');
insert into vigia values ('94', 'Armamar');
insert into vigia values ('95', 'Alvaiázere');
insert into vigia values ('96', 'Arouca');
insert into vigia values ('97', 'Redondo');
insert into vigia values ('98', 'Alcácer do Sal');
insert into vigia values ('99', 'Vila Pouca de Aguiar');
insert into vigia values ('100', 'Vouzela');

--processoSocorro
insert into processoSocorro values (1);
insert into processoSocorro values (2);
insert into processoSocorro values (3);
insert into processoSocorro values (4);
insert into processoSocorro values (5);
insert into processoSocorro values (6);
insert into processoSocorro values (7);
insert into processoSocorro values (8);
insert into processoSocorro values (9);
insert into processoSocorro values (10);
insert into processoSocorro values (11);
insert into processoSocorro values (12);
insert into processoSocorro values (13);
insert into processoSocorro values (14);
insert into processoSocorro values (15);
insert into processoSocorro values (16);
insert into processoSocorro values (17);
insert into processoSocorro values (18);
insert into processoSocorro values (19);
insert into processoSocorro values (20);
insert into processoSocorro values (21);
insert into processoSocorro values (22);
insert into processoSocorro values (23);
insert into processoSocorro values (24);
insert into processoSocorro values (25);
insert into processoSocorro values (26);
insert into processoSocorro values (27);
insert into processoSocorro values (28);
insert into processoSocorro values (29);
insert into processoSocorro values (30);
insert into processoSocorro values (31);
insert into processoSocorro values (32);
insert into processoSocorro values (33);
insert into processoSocorro values (34);
insert into processoSocorro values (35);
insert into processoSocorro values (36);
insert into processoSocorro values (37);
insert into processoSocorro values (38);
insert into processoSocorro values (39);
insert into processoSocorro values (40);
insert into processoSocorro values (41);
insert into processoSocorro values (42);
insert into processoSocorro values (43);
insert into processoSocorro values (44);
insert into processoSocorro values (45);
insert into processoSocorro values (46);
insert into processoSocorro values (47);
insert into processoSocorro values (48);
insert into processoSocorro values (49);
insert into processoSocorro values (50);
insert into processoSocorro values (51);
insert into processoSocorro values (52);
insert into processoSocorro values (53);
insert into processoSocorro values (54);
insert into processoSocorro values (55);
insert into processoSocorro values (56);
insert into processoSocorro values (57);
insert into processoSocorro values (58);
insert into processoSocorro values (59);
insert into processoSocorro values (60);
insert into processoSocorro values (61);
insert into processoSocorro values (62);
insert into processoSocorro values (63);
insert into processoSocorro values (64);
insert into processoSocorro values (65);
insert into processoSocorro values (66);
insert into processoSocorro values (67);
insert into processoSocorro values (68);
insert into processoSocorro values (69);
insert into processoSocorro values (70);
insert into processoSocorro values (71);
insert into processoSocorro values (72);
insert into processoSocorro values (73);
insert into processoSocorro values (74);
insert into processoSocorro values (75);
insert into processoSocorro values (76);
insert into processoSocorro values (77);
insert into processoSocorro values (78);
insert into processoSocorro values (79);
insert into processoSocorro values (80);
insert into processoSocorro values (81);
insert into processoSocorro values (82);
insert into processoSocorro values (83);
insert into processoSocorro values (84);
insert into processoSocorro values (85);
insert into processoSocorro values (86);
insert into processoSocorro values (87);
insert into processoSocorro values (88);
insert into processoSocorro values (89);
insert into processoSocorro values (90);
insert into processoSocorro values (91);
insert into processoSocorro values (92);
insert into processoSocorro values (93);
insert into processoSocorro values (94);
insert into processoSocorro values (95);
insert into processoSocorro values (96);
insert into processoSocorro values (97);
insert into processoSocorro values (98);
insert into processoSocorro values (99);
insert into processoSocorro values (100);
insert into processoSocorro values (101);
insert into processoSocorro values (102);
insert into processoSocorro values (103);
insert into processoSocorro values (104);
insert into processoSocorro values (105);
insert into processoSocorro values (106);
insert into processoSocorro values (107);
insert into processoSocorro values (108);
insert into processoSocorro values (109);
insert into processoSocorro values (110);
insert into processoSocorro values (111);
insert into processoSocorro values (112);
insert into processoSocorro values (113);
insert into processoSocorro values (114);
insert into processoSocorro values (115);
insert into processoSocorro values (116);
insert into processoSocorro values (117);
insert into processoSocorro values (118);
insert into processoSocorro values (119);
insert into processoSocorro values (120);
insert into processoSocorro values (121);
insert into processoSocorro values (122);
insert into processoSocorro values (123);
insert into processoSocorro values (124);
insert into processoSocorro values (125);
insert into processoSocorro values (126);
insert into processoSocorro values (127);
insert into processoSocorro values (128);
insert into processoSocorro values (129);
insert into processoSocorro values (130);
insert into processoSocorro values (131);
insert into processoSocorro values (132);
insert into processoSocorro values (133);
insert into processoSocorro values (134);
insert into processoSocorro values (135);
insert into processoSocorro values (136);
insert into processoSocorro values (137);
insert into processoSocorro values (138);
insert into processoSocorro values (139);
insert into processoSocorro values (140);
insert into processoSocorro values (141);
insert into processoSocorro values (142);
insert into processoSocorro values (143);
insert into processoSocorro values (144);
insert into processoSocorro values (145);
insert into processoSocorro values (146);
insert into processoSocorro values (147);
insert into processoSocorro values (148);
insert into processoSocorro values (149);
insert into processoSocorro values (150);

--eventoEmergencia
insert into eventoEmergencia values (910000123, '2013-05-27 00:00:00', 'Lidiana', 'Aveiro', 1);
insert into eventoEmergencia values (910004982, '2013-06-05 00:00:00', 'Diomar', 'Alcoutim', 2);
insert into eventoEmergencia values (910009841, '2013-06-14 00:00:00', 'Ursulina', 'Vila do Conde', 3);
insert into eventoEmergencia values (910014700, '2013-06-23 00:00:00', 'Vida', 'Vila Nova de Gaia', 4);
insert into eventoEmergencia values (910019559, '2013-07-02 00:00:00', 'Carmelinda', 'Angra do Heroísmo', 5);
insert into eventoEmergencia values (910024418, '2013-07-11 00:00:00', 'Jesualdo', 'Almeida', 6);
insert into eventoEmergencia values (910029277, '2013-07-20 00:00:00', 'Hermenerica', 'Góis', 7);
insert into eventoEmergencia values (910034136, '2013-07-29 00:00:00', 'Tatiana', 'Manteigas', 8);
insert into eventoEmergencia values (910038995, '2013-08-07 00:00:00', 'Xenócrates', 'Olhão', 9);
insert into eventoEmergencia values (910043854, '2013-08-16 00:00:00', 'Roberta', 'Oliveira de Azeméis', 10);
insert into eventoEmergencia values (910048713, '2013-08-25 00:00:00', 'Salomé', 'Calheta', 11);
insert into eventoEmergencia values (910053572, '2013-09-03 00:00:00', 'Carole', 'Vila do Bispo', 12);
insert into eventoEmergencia values (910058431, '2013-09-12 00:00:00', 'Sancler', 'Porto', 13);
insert into eventoEmergencia values (910063290, '2013-09-21 00:00:00', 'Alvino', 'Santa Comba Dão', 14);
insert into eventoEmergencia values (910068149, '2013-09-30 00:00:00', ' Bianca', 'Seixal', 15);
insert into eventoEmergencia values (910073008, '2013-10-09 00:00:00', 'Eloisa', 'Constância', 16);
insert into eventoEmergencia values (910077867, '2013-10-18 00:00:00', 'João', 'Vale de Cambra', 17);
insert into eventoEmergencia values (910082726, '2013-10-27 00:00:00', 'Mileide', 'Bombarral', 18);
insert into eventoEmergencia values (910087585, '2013-11-05 00:00:00', 'Deméter', 'Horta', 19);
insert into eventoEmergencia values (910092444, '2013-11-14 00:00:00', 'Héber', 'Ourém', 20);
insert into eventoEmergencia values (910097303, '2013-11-23 00:00:00', 'Crisália', 'Salvaterra de Magos', 21);
insert into eventoEmergencia values (910102162, '2013-12-02 00:00:00', 'Jocelina', 'Penacova', 22);
insert into eventoEmergencia values (910107021, '2013-12-11 00:00:00', 'Jansénio', 'Sátão', 23);
insert into eventoEmergencia values (910111880, '2013-12-20 00:00:00', 'Idavide', 'Vila Flor', 24);
insert into eventoEmergencia values (910116739, '2013-12-29 00:00:00', 'Selma', 'Alenquer', 25);
insert into eventoEmergencia values (910121598, '2014-01-07 00:00:00', 'Anaís', 'Melgaço', 26);
insert into eventoEmergencia values (910126457, '2014-01-16 00:00:00', 'Seleso', 'Coimbra', 27);
insert into eventoEmergencia values (910131316, '2014-01-25 00:00:00', 'Quintino', 'Amadora', 28);
insert into eventoEmergencia values (910136175, '2014-02-03 00:00:00', 'Jorja', 'Estarreja', 29);
insert into eventoEmergencia values (910141034, '2014-02-12 00:00:00', 'Fábia', 'Sever do Vouga', 30);
insert into eventoEmergencia values (910145893, '2014-02-21 00:00:00', ' Brázia', 'São Brás de Alportel', 31);
insert into eventoEmergencia values (910150752, '2014-03-02 00:00:00', 'Luísa', 'Fafe', 32);
insert into eventoEmergencia values (910155611, '2014-03-11 00:00:00', 'Cícero', 'Mértola', 33);
insert into eventoEmergencia values (910160470, '2014-03-20 00:00:00', 'Cassilda', 'Porto Moniz', 34);
insert into eventoEmergencia values (910165329, '2014-03-29 00:00:00', 'Guadalupe', 'Castelo Branco', 35);
insert into eventoEmergencia values (910170188, '2014-04-07 00:00:00', 'Taísa', 'Mora', 36);
insert into eventoEmergencia values (910175047, '2014-04-16 00:00:00', 'Joscelino', 'Marinha Grande', 37);
insert into eventoEmergencia values (910179906, '2014-04-25 00:00:00', 'Jocelino', 'Guimarães', 38);
insert into eventoEmergencia values (910184765, '2014-05-04 00:00:00', 'Quitéria', 'Vizela', 39);
insert into eventoEmergencia values (910189624, '2014-05-13 00:00:00', 'Liz', 'Serpa', 40);
insert into eventoEmergencia values (910194483, '2014-05-22 00:00:00', 'Anésia', 'São João da Pesqueira', 41);
insert into eventoEmergencia values (910199342, '2014-05-31 00:00:00', 'Lyannii', 'Castanheira de Pera', 42);
insert into eventoEmergencia values (910204201, '2014-06-09 00:00:00', 'Joele', 'Pedrógão Grande', 43);
insert into eventoEmergencia values (910209060, '2014-06-18 00:00:00', 'Dagmar', 'Resende', 44);
insert into eventoEmergencia values (910213919, '2014-06-27 00:00:00', 'Candice', 'Marco de Canaveses', 45);
insert into eventoEmergencia values (910218778, '2014-07-06 00:00:00', 'Engelécia', 'Moita', 46);
insert into eventoEmergencia values (910223637, '2014-07-15 00:00:00', 'Alexandre', 'Arruda dos Vinhos', 47);
insert into eventoEmergencia values (910228496, '2014-07-24 00:00:00', 'Olívia', 'Pampilhosa da Serra', 48);
insert into eventoEmergencia values (910233355, '2014-08-02 00:00:00', 'Francisco', 'Covilhã', 49);
insert into eventoEmergencia values (910238214, '2014-08-11 00:00:00', 'Joaquim', 'Loulé', 50);
insert into eventoEmergencia values (910243073, '2014-08-20 00:00:00', 'Deótila', 'Vidigueira', 51);
insert into eventoEmergencia values (910247932, '2014-08-29 00:00:00', 'Joab', 'São João da Madeira', 52);
insert into eventoEmergencia values (910252791, '2014-09-07 00:00:00', 'Alix', 'Terras de Bouro', 53);
insert into eventoEmergencia values (910257650, '2014-09-16 00:00:00', 'Cássio', 'Mesão Frio', 54);
insert into eventoEmergencia values (910262509, '2014-09-25 00:00:00', 'Herlander', 'Ílhavo', 55);
insert into eventoEmergencia values (910267368, '2014-10-04 00:00:00', 'Eduardo', 'Penela', 56);
insert into eventoEmergencia values (910272227, '2014-10-13 00:00:00', 'Clorindo', 'Póvoa de Lanhoso', 57);
insert into eventoEmergencia values (910277086, '2014-10-22 00:00:00', 'Jader', 'Ferreira do Zêzere', 58);
insert into eventoEmergencia values (910281945, '2014-10-31 00:00:00', 'Tásia', 'Mafra', 59);
insert into eventoEmergencia values (910286804, '2014-11-09 00:00:00', 'Aquila', 'Madalena', 60);
insert into eventoEmergencia values (910291663, '2014-11-18 00:00:00', 'Iriana', 'Penedono', 61);
insert into eventoEmergencia values (910296522, '2014-11-27 00:00:00', 'Aníria', 'Cadaval', 62);
insert into eventoEmergencia values (910301381, '2014-12-06 00:00:00', 'Márcio', 'Vila Viçosa', 63);
insert into eventoEmergencia values (910306240, '2014-12-15 00:00:00', 'Cleia', 'São Pedro do Sul', 64);
insert into eventoEmergencia values (910311099, '2014-12-24 00:00:00', 'Adrien', 'Vila Nova da Barquinha', 65);
insert into eventoEmergencia values (910315958, '2015-01-02 00:00:00', 'Liane', 'Sernancelhe', 66);
insert into eventoEmergencia values (910320817, '2015-01-11 00:00:00', 'Janice', 'Vila Real de Santo António', 67);
insert into eventoEmergencia values (910325676, '2015-01-20 00:00:00', 'Gislena', 'Murtosa', 68);
insert into eventoEmergencia values (910330535, '2015-01-29 00:00:00', 'Analide', 'Murça', 69);
insert into eventoEmergencia values (910335394, '2015-02-07 00:00:00', 'Andresa', 'Sertã', 70);
insert into eventoEmergencia values (910340253, '2015-02-16 00:00:00', 'Giani', 'Esposende', 71);
insert into eventoEmergencia values (910345112, '2015-02-25 00:00:00', 'Mafalda', 'Funchal', 72);
insert into eventoEmergencia values (910349971, '2015-03-06 00:00:00', 'Ardingue', 'Vila Real', 73);
insert into eventoEmergencia values (910354830, '2015-03-15 00:00:00', 'Ludovico', 'Montijo', 74);
insert into eventoEmergencia values (910359689, '2015-03-24 00:00:00', 'Graciano', 'Ansião', 75);
insert into eventoEmergencia values (910364548, '2015-04-02 00:00:00', ' Berardo', 'Vila de Rei', 76);
insert into eventoEmergencia values (910369407, '2015-04-11 00:00:00', 'Tálio', 'Castelo de Paiva', 77);
insert into eventoEmergencia values (910374266, '2015-04-20 00:00:00', 'Eloá', 'Coruche', 78);
insert into eventoEmergencia values (910379125, '2015-04-29 00:00:00', 'Susana', 'Elvas', 79);
insert into eventoEmergencia values (910383984, '2015-05-08 00:00:00', 'Zita', 'Reguengos de Monsaraz', 80);
insert into eventoEmergencia values (910388843, '2015-05-17 00:00:00', 'Sátia', 'Santa Cruz das Flores', 81);
insert into eventoEmergencia values (910393702, '2015-05-26 00:00:00', 'Liete', 'Anadia', 82);
insert into eventoEmergencia values (910398561, '2015-06-04 00:00:00', ' Bebiana', 'Tondela', 83);
insert into eventoEmergencia values (910403420, '2015-06-13 00:00:00', 'Samanta', 'Belmonte', 84);
insert into eventoEmergencia values (910408279, '2015-06-22 00:00:00', 'Heládia', 'Oleiros', 85);
insert into eventoEmergencia values (910413138, '2015-07-01 00:00:00', 'Dulce', 'Nelas', 86);
insert into eventoEmergencia values (910417997, '2015-07-10 00:00:00', 'Lucas', 'Sesimbra', 87);
insert into eventoEmergencia values (910422856, '2015-07-19 00:00:00', 'Fani', 'Beja', 88);
insert into eventoEmergencia values (910427715, '2015-07-28 00:00:00', 'Odilia', 'Monforte', 89);
insert into eventoEmergencia values (910432574, '2015-08-06 00:00:00', ' Belisa', 'Santa Marta de Penaguião', 90);
insert into eventoEmergencia values (910437433, '2015-08-15 00:00:00', 'Hernâni', 'Miranda do Douro', 91);
insert into eventoEmergencia values (910442292, '2015-08-24 00:00:00', 'Alícia', 'Velas', 92);
insert into eventoEmergencia values (910447151, '2015-09-02 00:00:00', 'Murilo', 'Aljustrel', 93);
insert into eventoEmergencia values (910452010, '2015-09-11 00:00:00', 'Alpoim', 'Armamar', 94);
insert into eventoEmergencia values (910456869, '2015-09-20 00:00:00', 'Sócrates', 'Alvaiázere', 95);
insert into eventoEmergencia values (910461728, '2015-09-29 00:00:00', 'Elisa', 'Arouca', 96);
insert into eventoEmergencia values (910466587, '2015-10-08 00:00:00', 'Isolda', 'Redondo', 97);
insert into eventoEmergencia values (910471446, '2015-10-17 00:00:00', 'Isabel', 'Alcácer do Sal', 98);
insert into eventoEmergencia values (910476305, '2015-10-26 00:00:00', 'Aniana', 'Vila Pouca de Aguiar', 99);
insert into eventoEmergencia values (910481164, '2015-11-04 00:00:00', 'Armindo', 'Vouzela', 100);

--entidadeMeio
insert into entidadeMeio values ('Entidade-1');
insert into entidadeMeio values ('Entidade-2');
insert into entidadeMeio values ('Entidade-3');
insert into entidadeMeio values ('Entidade-4');
insert into entidadeMeio values ('Entidade-5');
insert into entidadeMeio values ('Entidade-6');
insert into entidadeMeio values ('Entidade-7');
insert into entidadeMeio values ('Entidade-8');
insert into entidadeMeio values ('Entidade-9');
insert into entidadeMeio values ('Entidade-10');
insert into entidadeMeio values ('Entidade-11');
insert into entidadeMeio values ('Entidade-12');
insert into entidadeMeio values ('Entidade-13');
insert into entidadeMeio values ('Entidade-14');
insert into entidadeMeio values ('Entidade-15');
insert into entidadeMeio values ('Entidade-16');
insert into entidadeMeio values ('Entidade-17');
insert into entidadeMeio values ('Entidade-18');
insert into entidadeMeio values ('Entidade-19');
insert into entidadeMeio values ('Entidade-20');
insert into entidadeMeio values ('Entidade-21');
insert into entidadeMeio values ('Entidade-22');
insert into entidadeMeio values ('Entidade-23');
insert into entidadeMeio values ('Entidade-24');
insert into entidadeMeio values ('Entidade-25');
insert into entidadeMeio values ('Entidade-26');
insert into entidadeMeio values ('Entidade-27');
insert into entidadeMeio values ('Entidade-28');
insert into entidadeMeio values ('Entidade-29');
insert into entidadeMeio values ('Entidade-30');
insert into entidadeMeio values ('Entidade-31');
insert into entidadeMeio values ('Entidade-32');
insert into entidadeMeio values ('Entidade-33');
insert into entidadeMeio values ('Entidade-34');
insert into entidadeMeio values ('Entidade-35');
insert into entidadeMeio values ('Entidade-36');
insert into entidadeMeio values ('Entidade-37');
insert into entidadeMeio values ('Entidade-38');
insert into entidadeMeio values ('Entidade-39');
insert into entidadeMeio values ('Entidade-40');
insert into entidadeMeio values ('Entidade-41');
insert into entidadeMeio values ('Entidade-42');
insert into entidadeMeio values ('Entidade-43');
insert into entidadeMeio values ('Entidade-44');
insert into entidadeMeio values ('Entidade-45');
insert into entidadeMeio values ('Entidade-46');
insert into entidadeMeio values ('Entidade-47');
insert into entidadeMeio values ('Entidade-48');
insert into entidadeMeio values ('Entidade-49');
insert into entidadeMeio values ('Entidade-50');
insert into entidadeMeio values ('Entidade-51');
insert into entidadeMeio values ('Entidade-52');
insert into entidadeMeio values ('Entidade-53');
insert into entidadeMeio values ('Entidade-54');
insert into entidadeMeio values ('Entidade-55');
insert into entidadeMeio values ('Entidade-56');
insert into entidadeMeio values ('Entidade-57');
insert into entidadeMeio values ('Entidade-58');
insert into entidadeMeio values ('Entidade-59');
insert into entidadeMeio values ('Entidade-60');
insert into entidadeMeio values ('Entidade-61');
insert into entidadeMeio values ('Entidade-62');
insert into entidadeMeio values ('Entidade-63');
insert into entidadeMeio values ('Entidade-64');
insert into entidadeMeio values ('Entidade-65');
insert into entidadeMeio values ('Entidade-66');
insert into entidadeMeio values ('Entidade-67');
insert into entidadeMeio values ('Entidade-68');
insert into entidadeMeio values ('Entidade-69');
insert into entidadeMeio values ('Entidade-70');
insert into entidadeMeio values ('Entidade-71');
insert into entidadeMeio values ('Entidade-72');
insert into entidadeMeio values ('Entidade-73');
insert into entidadeMeio values ('Entidade-74');
insert into entidadeMeio values ('Entidade-75');
insert into entidadeMeio values ('Entidade-76');
insert into entidadeMeio values ('Entidade-77');
insert into entidadeMeio values ('Entidade-78');
insert into entidadeMeio values ('Entidade-79');
insert into entidadeMeio values ('Entidade-80');
insert into entidadeMeio values ('Entidade-81');
insert into entidadeMeio values ('Entidade-82');
insert into entidadeMeio values ('Entidade-83');
insert into entidadeMeio values ('Entidade-84');
insert into entidadeMeio values ('Entidade-85');
insert into entidadeMeio values ('Entidade-86');
insert into entidadeMeio values ('Entidade-87');
insert into entidadeMeio values ('Entidade-88');
insert into entidadeMeio values ('Entidade-89');
insert into entidadeMeio values ('Entidade-90');
insert into entidadeMeio values ('Entidade-91');
insert into entidadeMeio values ('Entidade-92');
insert into entidadeMeio values ('Entidade-93');
insert into entidadeMeio values ('Entidade-94');
insert into entidadeMeio values ('Entidade-95');
insert into entidadeMeio values ('Entidade-96');
insert into entidadeMeio values ('Entidade-97');
insert into entidadeMeio values ('Entidade-98');
insert into entidadeMeio values ('Entidade-99');
insert into entidadeMeio values ('Entidade-100');

--meio
insert into meio values(1, 'Apoio', 'Entidade-1');
insert into meio values(2, 'Combate', 'Entidade-1');
insert into meio values(3, 'Socorro', 'Entidade-1');
insert into meio values(1, 'Apoio', 'Entidade-2');
insert into meio values(2, 'Combate', 'Entidade-2');
insert into meio values(3, 'Socorro', 'Entidade-2');
insert into meio values(1, 'Apoio', 'Entidade-3');
insert into meio values(2, 'Combate', 'Entidade-3');
insert into meio values(3, 'Socorro', 'Entidade-3');
insert into meio values(1, 'Apoio', 'Entidade-4');
insert into meio values(2, 'Combate', 'Entidade-4');
insert into meio values(3, 'Socorro', 'Entidade-4');
insert into meio values(1, 'Apoio', 'Entidade-5');
insert into meio values(2, 'Combate', 'Entidade-5');
insert into meio values(3, 'Socorro', 'Entidade-5');
insert into meio values(1, 'Apoio', 'Entidade-6');
insert into meio values(2, 'Combate', 'Entidade-6');
insert into meio values(3, 'Socorro', 'Entidade-6');
insert into meio values(1, 'Apoio', 'Entidade-7');
insert into meio values(2, 'Combate', 'Entidade-7');
insert into meio values(3, 'Socorro', 'Entidade-7');
insert into meio values(1, 'Apoio', 'Entidade-8');
insert into meio values(2, 'Combate', 'Entidade-8');
insert into meio values(3, 'Socorro', 'Entidade-8');
insert into meio values(1, 'Apoio', 'Entidade-9');
insert into meio values(2, 'Combate', 'Entidade-9');
insert into meio values(3, 'Socorro', 'Entidade-9');
insert into meio values(1, 'Apoio', 'Entidade-10');
insert into meio values(2, 'Combate', 'Entidade-10');
insert into meio values(3, 'Socorro', 'Entidade-10');
insert into meio values(1, 'Apoio', 'Entidade-11');
insert into meio values(2, 'Combate', 'Entidade-11');
insert into meio values(3, 'Socorro', 'Entidade-11');
insert into meio values(1, 'Apoio', 'Entidade-12');
insert into meio values(2, 'Combate', 'Entidade-12');
insert into meio values(3, 'Socorro', 'Entidade-12');
insert into meio values(1, 'Apoio', 'Entidade-13');
insert into meio values(2, 'Combate', 'Entidade-13');
insert into meio values(3, 'Socorro', 'Entidade-13');
insert into meio values(1, 'Apoio', 'Entidade-14');
insert into meio values(2, 'Combate', 'Entidade-14');
insert into meio values(3, 'Socorro', 'Entidade-14');
insert into meio values(1, 'Apoio', 'Entidade-15');
insert into meio values(2, 'Combate', 'Entidade-15');
insert into meio values(3, 'Socorro', 'Entidade-15');
insert into meio values(1, 'Apoio', 'Entidade-16');
insert into meio values(2, 'Combate', 'Entidade-16');
insert into meio values(3, 'Socorro', 'Entidade-16');
insert into meio values(1, 'Apoio', 'Entidade-17');
insert into meio values(2, 'Combate', 'Entidade-17');
insert into meio values(3, 'Socorro', 'Entidade-17');
insert into meio values(1, 'Apoio', 'Entidade-18');
insert into meio values(2, 'Combate', 'Entidade-18');
insert into meio values(3, 'Socorro', 'Entidade-18');
insert into meio values(1, 'Apoio', 'Entidade-19');
insert into meio values(2, 'Combate', 'Entidade-19');
insert into meio values(3, 'Socorro', 'Entidade-19');
insert into meio values(1, 'Apoio', 'Entidade-20');
insert into meio values(2, 'Combate', 'Entidade-20');
insert into meio values(3, 'Socorro', 'Entidade-20');
insert into meio values(1, 'Apoio', 'Entidade-21');
insert into meio values(2, 'Combate', 'Entidade-21');
insert into meio values(3, 'Socorro', 'Entidade-21');
insert into meio values(1, 'Apoio', 'Entidade-22');
insert into meio values(2, 'Combate', 'Entidade-22');
insert into meio values(3, 'Socorro', 'Entidade-22');
insert into meio values(1, 'Apoio', 'Entidade-23');
insert into meio values(2, 'Combate', 'Entidade-23');
insert into meio values(3, 'Socorro', 'Entidade-23');
insert into meio values(1, 'Apoio', 'Entidade-24');
insert into meio values(2, 'Combate', 'Entidade-24');
insert into meio values(3, 'Socorro', 'Entidade-24');
insert into meio values(1, 'Apoio', 'Entidade-25');
insert into meio values(2, 'Combate', 'Entidade-25');
insert into meio values(3, 'Socorro', 'Entidade-25');
insert into meio values(1, 'Apoio', 'Entidade-26');
insert into meio values(2, 'Combate', 'Entidade-26');
insert into meio values(3, 'Socorro', 'Entidade-26');
insert into meio values(1, 'Apoio', 'Entidade-27');
insert into meio values(2, 'Combate', 'Entidade-27');
insert into meio values(3, 'Socorro', 'Entidade-27');
insert into meio values(1, 'Apoio', 'Entidade-28');
insert into meio values(2, 'Combate', 'Entidade-28');
insert into meio values(3, 'Socorro', 'Entidade-28');
insert into meio values(1, 'Apoio', 'Entidade-29');
insert into meio values(2, 'Combate', 'Entidade-29');
insert into meio values(3, 'Socorro', 'Entidade-29');
insert into meio values(1, 'Apoio', 'Entidade-30');
insert into meio values(2, 'Combate', 'Entidade-30');
insert into meio values(3, 'Socorro', 'Entidade-30');
insert into meio values(1, 'Apoio', 'Entidade-31');
insert into meio values(2, 'Combate', 'Entidade-31');
insert into meio values(3, 'Socorro', 'Entidade-31');
insert into meio values(1, 'Apoio', 'Entidade-32');
insert into meio values(2, 'Combate', 'Entidade-32');
insert into meio values(3, 'Socorro', 'Entidade-32');
insert into meio values(1, 'Apoio', 'Entidade-33');
insert into meio values(2, 'Combate', 'Entidade-33');
insert into meio values(3, 'Socorro', 'Entidade-33');
insert into meio values(1, 'Apoio', 'Entidade-34');
insert into meio values(2, 'Combate', 'Entidade-34');
insert into meio values(3, 'Socorro', 'Entidade-34');
insert into meio values(1, 'Apoio', 'Entidade-35');
insert into meio values(2, 'Combate', 'Entidade-35');
insert into meio values(3, 'Socorro', 'Entidade-35');
insert into meio values(1, 'Apoio', 'Entidade-36');
insert into meio values(2, 'Combate', 'Entidade-36');
insert into meio values(3, 'Socorro', 'Entidade-36');
insert into meio values(1, 'Apoio', 'Entidade-37');
insert into meio values(2, 'Combate', 'Entidade-37');
insert into meio values(3, 'Socorro', 'Entidade-37');
insert into meio values(1, 'Apoio', 'Entidade-38');
insert into meio values(2, 'Combate', 'Entidade-38');
insert into meio values(3, 'Socorro', 'Entidade-38');
insert into meio values(1, 'Apoio', 'Entidade-39');
insert into meio values(2, 'Combate', 'Entidade-39');
insert into meio values(3, 'Socorro', 'Entidade-39');
insert into meio values(1, 'Apoio', 'Entidade-40');
insert into meio values(2, 'Combate', 'Entidade-40');
insert into meio values(3, 'Socorro', 'Entidade-40');
insert into meio values(1, 'Apoio', 'Entidade-41');
insert into meio values(2, 'Combate', 'Entidade-41');
insert into meio values(3, 'Socorro', 'Entidade-41');
insert into meio values(1, 'Apoio', 'Entidade-42');
insert into meio values(2, 'Combate', 'Entidade-42');
insert into meio values(3, 'Socorro', 'Entidade-42');
insert into meio values(1, 'Apoio', 'Entidade-43');
insert into meio values(2, 'Combate', 'Entidade-43');
insert into meio values(3, 'Socorro', 'Entidade-43');
insert into meio values(1, 'Apoio', 'Entidade-44');
insert into meio values(2, 'Combate', 'Entidade-44');
insert into meio values(3, 'Socorro', 'Entidade-44');
insert into meio values(1, 'Apoio', 'Entidade-45');
insert into meio values(2, 'Combate', 'Entidade-45');
insert into meio values(3, 'Socorro', 'Entidade-45');
insert into meio values(1, 'Apoio', 'Entidade-46');
insert into meio values(2, 'Combate', 'Entidade-46');
insert into meio values(3, 'Socorro', 'Entidade-46');
insert into meio values(1, 'Apoio', 'Entidade-47');
insert into meio values(2, 'Combate', 'Entidade-47');
insert into meio values(3, 'Socorro', 'Entidade-47');
insert into meio values(1, 'Apoio', 'Entidade-48');
insert into meio values(2, 'Combate', 'Entidade-48');
insert into meio values(3, 'Socorro', 'Entidade-48');
insert into meio values(1, 'Apoio', 'Entidade-49');
insert into meio values(2, 'Combate', 'Entidade-49');
insert into meio values(3, 'Socorro', 'Entidade-49');
insert into meio values(1, 'Apoio', 'Entidade-50');
insert into meio values(2, 'Combate', 'Entidade-50');
insert into meio values(3, 'Socorro', 'Entidade-50');
insert into meio values(1, 'Apoio', 'Entidade-51');
insert into meio values(2, 'Combate', 'Entidade-51');
insert into meio values(3, 'Socorro', 'Entidade-51');
insert into meio values(1, 'Apoio', 'Entidade-52');
insert into meio values(2, 'Combate', 'Entidade-52');
insert into meio values(3, 'Socorro', 'Entidade-52');
insert into meio values(1, 'Apoio', 'Entidade-53');
insert into meio values(2, 'Combate', 'Entidade-53');
insert into meio values(3, 'Socorro', 'Entidade-53');
insert into meio values(1, 'Apoio', 'Entidade-54');
insert into meio values(2, 'Combate', 'Entidade-54');
insert into meio values(3, 'Socorro', 'Entidade-54');
insert into meio values(1, 'Apoio', 'Entidade-55');
insert into meio values(2, 'Combate', 'Entidade-55');
insert into meio values(3, 'Socorro', 'Entidade-55');
insert into meio values(1, 'Apoio', 'Entidade-56');
insert into meio values(2, 'Combate', 'Entidade-56');
insert into meio values(3, 'Socorro', 'Entidade-56');
insert into meio values(1, 'Apoio', 'Entidade-57');
insert into meio values(2, 'Combate', 'Entidade-57');
insert into meio values(3, 'Socorro', 'Entidade-57');
insert into meio values(1, 'Apoio', 'Entidade-58');
insert into meio values(2, 'Combate', 'Entidade-58');
insert into meio values(3, 'Socorro', 'Entidade-58');
insert into meio values(1, 'Apoio', 'Entidade-59');
insert into meio values(2, 'Combate', 'Entidade-59');
insert into meio values(3, 'Socorro', 'Entidade-59');
insert into meio values(1, 'Apoio', 'Entidade-60');
insert into meio values(2, 'Combate', 'Entidade-60');
insert into meio values(3, 'Socorro', 'Entidade-60');
insert into meio values(1, 'Apoio', 'Entidade-61');
insert into meio values(2, 'Combate', 'Entidade-61');
insert into meio values(3, 'Socorro', 'Entidade-61');
insert into meio values(1, 'Apoio', 'Entidade-62');
insert into meio values(2, 'Combate', 'Entidade-62');
insert into meio values(3, 'Socorro', 'Entidade-62');
insert into meio values(1, 'Apoio', 'Entidade-63');
insert into meio values(2, 'Combate', 'Entidade-63');
insert into meio values(3, 'Socorro', 'Entidade-63');
insert into meio values(1, 'Apoio', 'Entidade-64');
insert into meio values(2, 'Combate', 'Entidade-64');
insert into meio values(3, 'Socorro', 'Entidade-64');
insert into meio values(1, 'Apoio', 'Entidade-65');
insert into meio values(2, 'Combate', 'Entidade-65');
insert into meio values(3, 'Socorro', 'Entidade-65');
insert into meio values(1, 'Apoio', 'Entidade-66');
insert into meio values(2, 'Combate', 'Entidade-66');
insert into meio values(3, 'Socorro', 'Entidade-66');
insert into meio values(1, 'Apoio', 'Entidade-67');
insert into meio values(2, 'Combate', 'Entidade-67');
insert into meio values(3, 'Socorro', 'Entidade-67');
insert into meio values(1, 'Apoio', 'Entidade-68');
insert into meio values(2, 'Combate', 'Entidade-68');
insert into meio values(3, 'Socorro', 'Entidade-68');
insert into meio values(1, 'Apoio', 'Entidade-69');
insert into meio values(2, 'Combate', 'Entidade-69');
insert into meio values(3, 'Socorro', 'Entidade-69');
insert into meio values(1, 'Apoio', 'Entidade-70');
insert into meio values(2, 'Combate', 'Entidade-70');
insert into meio values(3, 'Socorro', 'Entidade-70');
insert into meio values(1, 'Apoio', 'Entidade-71');
insert into meio values(2, 'Combate', 'Entidade-71');
insert into meio values(3, 'Socorro', 'Entidade-71');
insert into meio values(1, 'Apoio', 'Entidade-72');
insert into meio values(2, 'Combate', 'Entidade-72');
insert into meio values(3, 'Socorro', 'Entidade-72');
insert into meio values(1, 'Apoio', 'Entidade-73');
insert into meio values(2, 'Combate', 'Entidade-73');
insert into meio values(3, 'Socorro', 'Entidade-73');
insert into meio values(1, 'Apoio', 'Entidade-74');
insert into meio values(2, 'Combate', 'Entidade-74');
insert into meio values(3, 'Socorro', 'Entidade-74');
insert into meio values(1, 'Apoio', 'Entidade-75');
insert into meio values(2, 'Combate', 'Entidade-75');
insert into meio values(3, 'Socorro', 'Entidade-75');
insert into meio values(1, 'Apoio', 'Entidade-76');
insert into meio values(2, 'Combate', 'Entidade-76');
insert into meio values(3, 'Socorro', 'Entidade-76');
insert into meio values(1, 'Apoio', 'Entidade-77');
insert into meio values(2, 'Combate', 'Entidade-77');
insert into meio values(3, 'Socorro', 'Entidade-77');
insert into meio values(1, 'Apoio', 'Entidade-78');
insert into meio values(2, 'Combate', 'Entidade-78');
insert into meio values(3, 'Socorro', 'Entidade-78');
insert into meio values(1, 'Apoio', 'Entidade-79');
insert into meio values(2, 'Combate', 'Entidade-79');
insert into meio values(3, 'Socorro', 'Entidade-79');
insert into meio values(1, 'Apoio', 'Entidade-80');
insert into meio values(2, 'Combate', 'Entidade-80');
insert into meio values(3, 'Socorro', 'Entidade-80');
insert into meio values(1, 'Apoio', 'Entidade-81');
insert into meio values(2, 'Combate', 'Entidade-81');
insert into meio values(3, 'Socorro', 'Entidade-81');
insert into meio values(1, 'Apoio', 'Entidade-82');
insert into meio values(2, 'Combate', 'Entidade-82');
insert into meio values(3, 'Socorro', 'Entidade-82');
insert into meio values(1, 'Apoio', 'Entidade-83');
insert into meio values(2, 'Combate', 'Entidade-83');
insert into meio values(3, 'Socorro', 'Entidade-83');
insert into meio values(1, 'Apoio', 'Entidade-84');
insert into meio values(2, 'Combate', 'Entidade-84');
insert into meio values(3, 'Socorro', 'Entidade-84');
insert into meio values(1, 'Apoio', 'Entidade-85');
insert into meio values(2, 'Combate', 'Entidade-85');
insert into meio values(3, 'Socorro', 'Entidade-85');
insert into meio values(1, 'Apoio', 'Entidade-86');
insert into meio values(2, 'Combate', 'Entidade-86');
insert into meio values(3, 'Socorro', 'Entidade-86');
insert into meio values(1, 'Apoio', 'Entidade-87');
insert into meio values(2, 'Combate', 'Entidade-87');
insert into meio values(3, 'Socorro', 'Entidade-87');
insert into meio values(1, 'Apoio', 'Entidade-88');
insert into meio values(2, 'Combate', 'Entidade-88');
insert into meio values(3, 'Socorro', 'Entidade-88');
insert into meio values(1, 'Apoio', 'Entidade-89');
insert into meio values(2, 'Combate', 'Entidade-89');
insert into meio values(3, 'Socorro', 'Entidade-89');
insert into meio values(1, 'Apoio', 'Entidade-90');
insert into meio values(2, 'Combate', 'Entidade-90');
insert into meio values(3, 'Socorro', 'Entidade-90');
insert into meio values(1, 'Apoio', 'Entidade-91');
insert into meio values(2, 'Combate', 'Entidade-91');
insert into meio values(3, 'Socorro', 'Entidade-91');
insert into meio values(1, 'Apoio', 'Entidade-92');
insert into meio values(2, 'Combate', 'Entidade-92');
insert into meio values(3, 'Socorro', 'Entidade-92');
insert into meio values(1, 'Apoio', 'Entidade-93');
insert into meio values(2, 'Combate', 'Entidade-93');
insert into meio values(3, 'Socorro', 'Entidade-93');
insert into meio values(1, 'Apoio', 'Entidade-94');
insert into meio values(2, 'Combate', 'Entidade-94');
insert into meio values(3, 'Socorro', 'Entidade-94');
insert into meio values(1, 'Apoio', 'Entidade-95');
insert into meio values(2, 'Combate', 'Entidade-95');
insert into meio values(3, 'Socorro', 'Entidade-95');
insert into meio values(1, 'Apoio', 'Entidade-96');
insert into meio values(2, 'Combate', 'Entidade-96');
insert into meio values(3, 'Socorro', 'Entidade-96');
insert into meio values(1, 'Apoio', 'Entidade-97');
insert into meio values(2, 'Combate', 'Entidade-97');
insert into meio values(3, 'Socorro', 'Entidade-97');
insert into meio values(1, 'Apoio', 'Entidade-98');
insert into meio values(2, 'Combate', 'Entidade-98');
insert into meio values(3, 'Socorro', 'Entidade-98');
insert into meio values(1, 'Apoio', 'Entidade-99');
insert into meio values(2, 'Combate', 'Entidade-99');
insert into meio values(3, 'Socorro', 'Entidade-99');
insert into meio values(1, 'Apoio', 'Entidade-100');
insert into meio values(2, 'Combate', 'Entidade-100');
insert into meio values(3, 'Socorro', 'Entidade-100');

--meioCombate
insert into meioCombate values (2, 'Entidade-1');
insert into meioCombate values (2, 'Entidade-2');
insert into meioCombate values (2, 'Entidade-3');
insert into meioCombate values (2, 'Entidade-4');
insert into meioCombate values (2, 'Entidade-5');
insert into meioCombate values (2, 'Entidade-6');
insert into meioCombate values (2, 'Entidade-7');
insert into meioCombate values (2, 'Entidade-8');
insert into meioCombate values (2, 'Entidade-9');
insert into meioCombate values (2, 'Entidade-10');
insert into meioCombate values (2, 'Entidade-11');
insert into meioCombate values (2, 'Entidade-12');
insert into meioCombate values (2, 'Entidade-13');
insert into meioCombate values (2, 'Entidade-14');
insert into meioCombate values (2, 'Entidade-15');
insert into meioCombate values (2, 'Entidade-16');
insert into meioCombate values (2, 'Entidade-17');
insert into meioCombate values (2, 'Entidade-18');
insert into meioCombate values (2, 'Entidade-19');
insert into meioCombate values (2, 'Entidade-20');
insert into meioCombate values (2, 'Entidade-21');
insert into meioCombate values (2, 'Entidade-22');
insert into meioCombate values (2, 'Entidade-23');
insert into meioCombate values (2, 'Entidade-24');
insert into meioCombate values (2, 'Entidade-25');
insert into meioCombate values (2, 'Entidade-26');
insert into meioCombate values (2, 'Entidade-27');
insert into meioCombate values (2, 'Entidade-28');
insert into meioCombate values (2, 'Entidade-29');
insert into meioCombate values (2, 'Entidade-30');
insert into meioCombate values (2, 'Entidade-31');
insert into meioCombate values (2, 'Entidade-32');
insert into meioCombate values (2, 'Entidade-33');
insert into meioCombate values (2, 'Entidade-34');
insert into meioCombate values (2, 'Entidade-35');
insert into meioCombate values (2, 'Entidade-36');
insert into meioCombate values (2, 'Entidade-37');
insert into meioCombate values (2, 'Entidade-38');
insert into meioCombate values (2, 'Entidade-39');
insert into meioCombate values (2, 'Entidade-40');
insert into meioCombate values (2, 'Entidade-41');
insert into meioCombate values (2, 'Entidade-42');
insert into meioCombate values (2, 'Entidade-43');
insert into meioCombate values (2, 'Entidade-44');
insert into meioCombate values (2, 'Entidade-45');
insert into meioCombate values (2, 'Entidade-46');
insert into meioCombate values (2, 'Entidade-47');
insert into meioCombate values (2, 'Entidade-48');
insert into meioCombate values (2, 'Entidade-49');
insert into meioCombate values (2, 'Entidade-50');
insert into meioCombate values (2, 'Entidade-51');
insert into meioCombate values (2, 'Entidade-52');
insert into meioCombate values (2, 'Entidade-53');
insert into meioCombate values (2, 'Entidade-54');
insert into meioCombate values (2, 'Entidade-55');
insert into meioCombate values (2, 'Entidade-56');
insert into meioCombate values (2, 'Entidade-57');
insert into meioCombate values (2, 'Entidade-58');
insert into meioCombate values (2, 'Entidade-59');
insert into meioCombate values (2, 'Entidade-60');
insert into meioCombate values (2, 'Entidade-61');
insert into meioCombate values (2, 'Entidade-62');
insert into meioCombate values (2, 'Entidade-63');
insert into meioCombate values (2, 'Entidade-64');
insert into meioCombate values (2, 'Entidade-65');
insert into meioCombate values (2, 'Entidade-66');
insert into meioCombate values (2, 'Entidade-67');
insert into meioCombate values (2, 'Entidade-68');
insert into meioCombate values (2, 'Entidade-69');
insert into meioCombate values (2, 'Entidade-70');
insert into meioCombate values (2, 'Entidade-71');
insert into meioCombate values (2, 'Entidade-72');
insert into meioCombate values (2, 'Entidade-73');
insert into meioCombate values (2, 'Entidade-74');
insert into meioCombate values (2, 'Entidade-75');
insert into meioCombate values (2, 'Entidade-76');
insert into meioCombate values (2, 'Entidade-77');
insert into meioCombate values (2, 'Entidade-78');
insert into meioCombate values (2, 'Entidade-79');
insert into meioCombate values (2, 'Entidade-80');
insert into meioCombate values (2, 'Entidade-81');
insert into meioCombate values (2, 'Entidade-82');
insert into meioCombate values (2, 'Entidade-83');
insert into meioCombate values (2, 'Entidade-84');
insert into meioCombate values (2, 'Entidade-85');
insert into meioCombate values (2, 'Entidade-86');
insert into meioCombate values (2, 'Entidade-87');
insert into meioCombate values (2, 'Entidade-88');
insert into meioCombate values (2, 'Entidade-89');
insert into meioCombate values (2, 'Entidade-90');
insert into meioCombate values (2, 'Entidade-91');
insert into meioCombate values (2, 'Entidade-92');
insert into meioCombate values (2, 'Entidade-93');
insert into meioCombate values (2, 'Entidade-94');
insert into meioCombate values (2, 'Entidade-95');
insert into meioCombate values (2, 'Entidade-96');
insert into meioCombate values (2, 'Entidade-97');
insert into meioCombate values (2, 'Entidade-98');
insert into meioCombate values (2, 'Entidade-99');
insert into meioCombate values (2, 'Entidade-100');

--meioApoio
insert into meioApoio values (1, 'Entidade-1');
insert into meioApoio values (1, 'Entidade-2');
insert into meioApoio values (1, 'Entidade-3');
insert into meioApoio values (1, 'Entidade-4');
insert into meioApoio values (1, 'Entidade-5');
insert into meioApoio values (1, 'Entidade-6');
insert into meioApoio values (1, 'Entidade-7');
insert into meioApoio values (1, 'Entidade-8');
insert into meioApoio values (1, 'Entidade-9');
insert into meioApoio values (1, 'Entidade-10');
insert into meioApoio values (1, 'Entidade-11');
insert into meioApoio values (1, 'Entidade-12');
insert into meioApoio values (1, 'Entidade-13');
insert into meioApoio values (1, 'Entidade-14');
insert into meioApoio values (1, 'Entidade-15');
insert into meioApoio values (1, 'Entidade-16');
insert into meioApoio values (1, 'Entidade-17');
insert into meioApoio values (1, 'Entidade-18');
insert into meioApoio values (1, 'Entidade-19');
insert into meioApoio values (1, 'Entidade-20');
insert into meioApoio values (1, 'Entidade-21');
insert into meioApoio values (1, 'Entidade-22');
insert into meioApoio values (1, 'Entidade-23');
insert into meioApoio values (1, 'Entidade-24');
insert into meioApoio values (1, 'Entidade-25');
insert into meioApoio values (1, 'Entidade-26');
insert into meioApoio values (1, 'Entidade-27');
insert into meioApoio values (1, 'Entidade-28');
insert into meioApoio values (1, 'Entidade-29');
insert into meioApoio values (1, 'Entidade-30');
insert into meioApoio values (1, 'Entidade-31');
insert into meioApoio values (1, 'Entidade-32');
insert into meioApoio values (1, 'Entidade-33');
insert into meioApoio values (1, 'Entidade-34');
insert into meioApoio values (1, 'Entidade-35');
insert into meioApoio values (1, 'Entidade-36');
insert into meioApoio values (1, 'Entidade-37');
insert into meioApoio values (1, 'Entidade-38');
insert into meioApoio values (1, 'Entidade-39');
insert into meioApoio values (1, 'Entidade-40');
insert into meioApoio values (1, 'Entidade-41');
insert into meioApoio values (1, 'Entidade-42');
insert into meioApoio values (1, 'Entidade-43');
insert into meioApoio values (1, 'Entidade-44');
insert into meioApoio values (1, 'Entidade-45');
insert into meioApoio values (1, 'Entidade-46');
insert into meioApoio values (1, 'Entidade-47');
insert into meioApoio values (1, 'Entidade-48');
insert into meioApoio values (1, 'Entidade-49');
insert into meioApoio values (1, 'Entidade-50');
insert into meioApoio values (1, 'Entidade-51');
insert into meioApoio values (1, 'Entidade-52');
insert into meioApoio values (1, 'Entidade-53');
insert into meioApoio values (1, 'Entidade-54');
insert into meioApoio values (1, 'Entidade-55');
insert into meioApoio values (1, 'Entidade-56');
insert into meioApoio values (1, 'Entidade-57');
insert into meioApoio values (1, 'Entidade-58');
insert into meioApoio values (1, 'Entidade-59');
insert into meioApoio values (1, 'Entidade-60');
insert into meioApoio values (1, 'Entidade-61');
insert into meioApoio values (1, 'Entidade-62');
insert into meioApoio values (1, 'Entidade-63');
insert into meioApoio values (1, 'Entidade-64');
insert into meioApoio values (1, 'Entidade-65');
insert into meioApoio values (1, 'Entidade-66');
insert into meioApoio values (1, 'Entidade-67');
insert into meioApoio values (1, 'Entidade-68');
insert into meioApoio values (1, 'Entidade-69');
insert into meioApoio values (1, 'Entidade-70');
insert into meioApoio values (1, 'Entidade-71');
insert into meioApoio values (1, 'Entidade-72');
insert into meioApoio values (1, 'Entidade-73');
insert into meioApoio values (1, 'Entidade-74');
insert into meioApoio values (1, 'Entidade-75');
insert into meioApoio values (1, 'Entidade-76');
insert into meioApoio values (1, 'Entidade-77');
insert into meioApoio values (1, 'Entidade-78');
insert into meioApoio values (1, 'Entidade-79');
insert into meioApoio values (1, 'Entidade-80');
insert into meioApoio values (1, 'Entidade-81');
insert into meioApoio values (1, 'Entidade-82');
insert into meioApoio values (1, 'Entidade-83');
insert into meioApoio values (1, 'Entidade-84');
insert into meioApoio values (1, 'Entidade-85');
insert into meioApoio values (1, 'Entidade-86');
insert into meioApoio values (1, 'Entidade-87');
insert into meioApoio values (1, 'Entidade-88');
insert into meioApoio values (1, 'Entidade-89');
insert into meioApoio values (1, 'Entidade-90');
insert into meioApoio values (1, 'Entidade-91');
insert into meioApoio values (1, 'Entidade-92');
insert into meioApoio values (1, 'Entidade-93');
insert into meioApoio values (1, 'Entidade-94');
insert into meioApoio values (1, 'Entidade-95');
insert into meioApoio values (1, 'Entidade-96');
insert into meioApoio values (1, 'Entidade-97');
insert into meioApoio values (1, 'Entidade-98');
insert into meioApoio values (1, 'Entidade-99');
insert into meioApoio values (1, 'Entidade-100');

--meioSocorro
insert into meioSocorro values (3, 'Entidade-1');
insert into meioSocorro values (3, 'Entidade-2');
insert into meioSocorro values (3, 'Entidade-3');
insert into meioSocorro values (3, 'Entidade-4');
insert into meioSocorro values (3, 'Entidade-5');
insert into meioSocorro values (3, 'Entidade-6');
insert into meioSocorro values (3, 'Entidade-7');
insert into meioSocorro values (3, 'Entidade-8');
insert into meioSocorro values (3, 'Entidade-9');
insert into meioSocorro values (3, 'Entidade-10');
insert into meioSocorro values (3, 'Entidade-11');
insert into meioSocorro values (3, 'Entidade-12');
insert into meioSocorro values (3, 'Entidade-13');
insert into meioSocorro values (3, 'Entidade-14');
insert into meioSocorro values (3, 'Entidade-15');
insert into meioSocorro values (3, 'Entidade-16');
insert into meioSocorro values (3, 'Entidade-17');
insert into meioSocorro values (3, 'Entidade-18');
insert into meioSocorro values (3, 'Entidade-19');
insert into meioSocorro values (3, 'Entidade-20');
insert into meioSocorro values (3, 'Entidade-21');
insert into meioSocorro values (3, 'Entidade-22');
insert into meioSocorro values (3, 'Entidade-23');
insert into meioSocorro values (3, 'Entidade-24');
insert into meioSocorro values (3, 'Entidade-25');
insert into meioSocorro values (3, 'Entidade-26');
insert into meioSocorro values (3, 'Entidade-27');
insert into meioSocorro values (3, 'Entidade-28');
insert into meioSocorro values (3, 'Entidade-29');
insert into meioSocorro values (3, 'Entidade-30');
insert into meioSocorro values (3, 'Entidade-31');
insert into meioSocorro values (3, 'Entidade-32');
insert into meioSocorro values (3, 'Entidade-33');
insert into meioSocorro values (3, 'Entidade-34');
insert into meioSocorro values (3, 'Entidade-35');
insert into meioSocorro values (3, 'Entidade-36');
insert into meioSocorro values (3, 'Entidade-37');
insert into meioSocorro values (3, 'Entidade-38');
insert into meioSocorro values (3, 'Entidade-39');
insert into meioSocorro values (3, 'Entidade-40');
insert into meioSocorro values (3, 'Entidade-41');
insert into meioSocorro values (3, 'Entidade-42');
insert into meioSocorro values (3, 'Entidade-43');
insert into meioSocorro values (3, 'Entidade-44');
insert into meioSocorro values (3, 'Entidade-45');
insert into meioSocorro values (3, 'Entidade-46');
insert into meioSocorro values (3, 'Entidade-47');
insert into meioSocorro values (3, 'Entidade-48');
insert into meioSocorro values (3, 'Entidade-49');
insert into meioSocorro values (3, 'Entidade-50');
insert into meioSocorro values (3, 'Entidade-51');
insert into meioSocorro values (3, 'Entidade-52');
insert into meioSocorro values (3, 'Entidade-53');
insert into meioSocorro values (3, 'Entidade-54');
insert into meioSocorro values (3, 'Entidade-55');
insert into meioSocorro values (3, 'Entidade-56');
insert into meioSocorro values (3, 'Entidade-57');
insert into meioSocorro values (3, 'Entidade-58');
insert into meioSocorro values (3, 'Entidade-59');
insert into meioSocorro values (3, 'Entidade-60');
insert into meioSocorro values (3, 'Entidade-61');
insert into meioSocorro values (3, 'Entidade-62');
insert into meioSocorro values (3, 'Entidade-63');
insert into meioSocorro values (3, 'Entidade-64');
insert into meioSocorro values (3, 'Entidade-65');
insert into meioSocorro values (3, 'Entidade-66');
insert into meioSocorro values (3, 'Entidade-67');
insert into meioSocorro values (3, 'Entidade-68');
insert into meioSocorro values (3, 'Entidade-69');
insert into meioSocorro values (3, 'Entidade-70');
insert into meioSocorro values (3, 'Entidade-71');
insert into meioSocorro values (3, 'Entidade-72');
insert into meioSocorro values (3, 'Entidade-73');
insert into meioSocorro values (3, 'Entidade-74');
insert into meioSocorro values (3, 'Entidade-75');
insert into meioSocorro values (3, 'Entidade-76');
insert into meioSocorro values (3, 'Entidade-77');
insert into meioSocorro values (3, 'Entidade-78');
insert into meioSocorro values (3, 'Entidade-79');
insert into meioSocorro values (3, 'Entidade-80');
insert into meioSocorro values (3, 'Entidade-81');
insert into meioSocorro values (3, 'Entidade-82');
insert into meioSocorro values (3, 'Entidade-83');
insert into meioSocorro values (3, 'Entidade-84');
insert into meioSocorro values (3, 'Entidade-85');
insert into meioSocorro values (3, 'Entidade-86');
insert into meioSocorro values (3, 'Entidade-87');
insert into meioSocorro values (3, 'Entidade-88');
insert into meioSocorro values (3, 'Entidade-89');
insert into meioSocorro values (3, 'Entidade-90');
insert into meioSocorro values (3, 'Entidade-91');
insert into meioSocorro values (3, 'Entidade-92');
insert into meioSocorro values (3, 'Entidade-93');
insert into meioSocorro values (3, 'Entidade-94');
insert into meioSocorro values (3, 'Entidade-95');
insert into meioSocorro values (3, 'Entidade-96');
insert into meioSocorro values (3, 'Entidade-97');
insert into meioSocorro values (3, 'Entidade-98');
insert into meioSocorro values (3, 'Entidade-99');
insert into meioSocorro values (3, 'Entidade-100');

--transporta
insert into transporta values (3, 'Entidade-1', 120, 1);
insert into transporta values (3, 'Entidade-1', 60, 2);
insert into transporta values (3, 'Entidade-2', 100, 3);
insert into transporta values (3, 'Entidade-2', 80, 4);
insert into transporta values (3, 'Entidade-2', 20, 5);
insert into transporta values (3, 'Entidade-3', 120, 6);
insert into transporta values (3, 'Entidade-3', 120, 7);
insert into transporta values (3, 'Entidade-3', 100, 8);
insert into transporta values (3, 'Entidade-4', 110, 9);
insert into transporta values (3, 'Entidade-4', 120, 10);
insert into transporta values (3, 'Entidade-4', 100, 11);
insert into transporta values (3, 'Entidade-5', 40, 12);
insert into transporta values (3, 'Entidade-5', 120, 13);
insert into transporta values (3, 'Entidade-5', 110, 14);
insert into transporta values (3, 'Entidade-6', 50, 15);
insert into transporta values (3, 'Entidade-6', 100, 16);
insert into transporta values (3, 'Entidade-6', 80, 17);
insert into transporta values (3, 'Entidade-7', 110, 18);
insert into transporta values (3, 'Entidade-7', 70, 19);
insert into transporta values (3, 'Entidade-7', 70, 20);
insert into transporta values (3, 'Entidade-8', 90, 21);
insert into transporta values (3, 'Entidade-8', 110, 22);
insert into transporta values (3, 'Entidade-8', 110, 23);
insert into transporta values (3, 'Entidade-9', 40, 24);
insert into transporta values (3, 'Entidade-9', 50, 25);
insert into transporta values (3, 'Entidade-9', 20, 26);
insert into transporta values (3, 'Entidade-10', 110, 27);
insert into transporta values (3, 'Entidade-10', 70, 28);
insert into transporta values (3, 'Entidade-10', 80, 29);
insert into transporta values (3, 'Entidade-11', 20, 30);
insert into transporta values (3, 'Entidade-11', 120, 31);
insert into transporta values (3, 'Entidade-11', 60, 32);
insert into transporta values (3, 'Entidade-12', 110, 33);
insert into transporta values (3, 'Entidade-12', 20, 34);
insert into transporta values (3, 'Entidade-12', 120, 35);
insert into transporta values (3, 'Entidade-13', 50, 36);
insert into transporta values (3, 'Entidade-13', 120, 37);
insert into transporta values (3, 'Entidade-13', 20, 38);
insert into transporta values (3, 'Entidade-14', 50, 39);
insert into transporta values (3, 'Entidade-14', 120, 40);
insert into transporta values (3, 'Entidade-14', 30, 41);
insert into transporta values (3, 'Entidade-15', 50, 42);
insert into transporta values (3, 'Entidade-15', 110, 43);
insert into transporta values (3, 'Entidade-15', 70, 44);
insert into transporta values (3, 'Entidade-16', 10, 45);
insert into transporta values (3, 'Entidade-16', 70, 46);
insert into transporta values (3, 'Entidade-16', 120, 47);
insert into transporta values (3, 'Entidade-17', 10, 48);
insert into transporta values (3, 'Entidade-17', 10, 49);
insert into transporta values (3, 'Entidade-17', 40, 50);
insert into transporta values (3, 'Entidade-18', 30, 51);
insert into transporta values (3, 'Entidade-18', 110, 52);
insert into transporta values (3, 'Entidade-18', 50, 53);
insert into transporta values (3, 'Entidade-19', 120, 54);
insert into transporta values (3, 'Entidade-19', 30, 55);
insert into transporta values (3, 'Entidade-19', 120, 56);
insert into transporta values (3, 'Entidade-20', 90, 57);
insert into transporta values (3, 'Entidade-20', 100, 58);
insert into transporta values (3, 'Entidade-20', 120, 59);
insert into transporta values (3, 'Entidade-21', 90, 60);
insert into transporta values (3, 'Entidade-21', 50, 61);
insert into transporta values (3, 'Entidade-21', 30, 62);
insert into transporta values (3, 'Entidade-22', 40, 63);
insert into transporta values (3, 'Entidade-22', 80, 64);
insert into transporta values (3, 'Entidade-22', 80, 65);
insert into transporta values (3, 'Entidade-23', 20, 66);
insert into transporta values (3, 'Entidade-23', 80, 67);
insert into transporta values (3, 'Entidade-23', 110, 68);
insert into transporta values (3, 'Entidade-24', 40, 69);
insert into transporta values (3, 'Entidade-24', 120, 70);
insert into transporta values (3, 'Entidade-24', 50, 71);
insert into transporta values (3, 'Entidade-25', 110, 72);
insert into transporta values (3, 'Entidade-25', 60, 73);
insert into transporta values (3, 'Entidade-25', 80, 74);
insert into transporta values (3, 'Entidade-26', 100, 75);
insert into transporta values (3, 'Entidade-26', 60, 76);
insert into transporta values (3, 'Entidade-26', 80, 77);
insert into transporta values (3, 'Entidade-27', 60, 78);
insert into transporta values (3, 'Entidade-27', 50, 79);
insert into transporta values (3, 'Entidade-27', 70, 80);
insert into transporta values (3, 'Entidade-28', 50, 81);
insert into transporta values (3, 'Entidade-28', 100, 82);
insert into transporta values (3, 'Entidade-28', 40, 83);
insert into transporta values (3, 'Entidade-29', 10, 84);
insert into transporta values (3, 'Entidade-29', 30, 85);
insert into transporta values (3, 'Entidade-29', 110, 86);
insert into transporta values (3, 'Entidade-30', 100, 87);
insert into transporta values (3, 'Entidade-30', 70, 88);
insert into transporta values (3, 'Entidade-30', 90, 89);
insert into transporta values (3, 'Entidade-31', 30, 90);
insert into transporta values (3, 'Entidade-31', 120, 91);
insert into transporta values (3, 'Entidade-31', 110, 92);
insert into transporta values (3, 'Entidade-32', 30, 93);
insert into transporta values (3, 'Entidade-32', 50, 94);
insert into transporta values (3, 'Entidade-32', 110, 95);
insert into transporta values (3, 'Entidade-33', 120, 96);
insert into transporta values (3, 'Entidade-33', 10, 97);
insert into transporta values (3, 'Entidade-33', 90, 98);
insert into transporta values (3, 'Entidade-34', 50, 99);
insert into transporta values (3, 'Entidade-34', 60, 100);

--alocado
insert into alocado values (1, 'Entidade-1', 4, 1);
insert into alocado values (1, 'Entidade-1', 11, 2);
insert into alocado values (1, 'Entidade-2', 12, 3);
insert into alocado values (1, 'Entidade-2', 1, 4);
insert into alocado values (1, 'Entidade-2', 7, 5);
insert into alocado values (1, 'Entidade-3', 12, 6);
insert into alocado values (1, 'Entidade-3', 9, 7);
insert into alocado values (1, 'Entidade-3', 7, 8);
insert into alocado values (1, 'Entidade-4', 12, 9);
insert into alocado values (1, 'Entidade-4', 7, 10);
insert into alocado values (1, 'Entidade-4', 12, 11);
insert into alocado values (1, 'Entidade-5', 3, 12);
insert into alocado values (1, 'Entidade-5', 3, 13);
insert into alocado values (1, 'Entidade-5', 5, 14);
insert into alocado values (1, 'Entidade-6', 7, 15);
insert into alocado values (1, 'Entidade-6', 8, 16);
insert into alocado values (1, 'Entidade-6', 9, 17);
insert into alocado values (1, 'Entidade-7', 5, 18);
insert into alocado values (1, 'Entidade-7', 4, 19);
insert into alocado values (1, 'Entidade-7', 3, 20);
insert into alocado values (1, 'Entidade-8', 12, 21);
insert into alocado values (1, 'Entidade-8', 10, 22);
insert into alocado values (1, 'Entidade-8', 4, 23);
insert into alocado values (1, 'Entidade-9', 1, 24);
insert into alocado values (1, 'Entidade-9', 4, 25);
insert into alocado values (1, 'Entidade-9', 5, 26);
insert into alocado values (1, 'Entidade-10', 7, 27);
insert into alocado values (1, 'Entidade-10', 10, 28);
insert into alocado values (1, 'Entidade-10', 9, 29);
insert into alocado values (1, 'Entidade-11', 3, 30);
insert into alocado values (1, 'Entidade-11', 10, 31);
insert into alocado values (1, 'Entidade-11', 2, 32);
insert into alocado values (1, 'Entidade-12', 9, 33);
insert into alocado values (1, 'Entidade-12', 2, 34);
insert into alocado values (1, 'Entidade-12', 8, 35);
insert into alocado values (1, 'Entidade-13', 9, 36);
insert into alocado values (1, 'Entidade-13', 4, 37);
insert into alocado values (1, 'Entidade-13', 8, 38);
insert into alocado values (1, 'Entidade-14', 10, 39);
insert into alocado values (1, 'Entidade-14', 2, 40);
insert into alocado values (1, 'Entidade-14', 8, 41);
insert into alocado values (1, 'Entidade-15', 10, 42);
insert into alocado values (1, 'Entidade-15', 2, 43);
insert into alocado values (1, 'Entidade-15', 12, 44);
insert into alocado values (1, 'Entidade-16', 1, 45);
insert into alocado values (1, 'Entidade-16', 10, 46);
insert into alocado values (1, 'Entidade-16', 7, 47);
insert into alocado values (1, 'Entidade-17', 6, 48);
insert into alocado values (1, 'Entidade-17', 11, 49);
insert into alocado values (1, 'Entidade-17', 2, 50);
insert into alocado values (1, 'Entidade-18', 11, 51);
insert into alocado values (1, 'Entidade-18', 10, 52);
insert into alocado values (1, 'Entidade-18', 4, 53);
insert into alocado values (1, 'Entidade-19', 12, 54);
insert into alocado values (1, 'Entidade-19', 12, 55);
insert into alocado values (1, 'Entidade-19', 3, 56);
insert into alocado values (1, 'Entidade-20', 11, 57);
insert into alocado values (1, 'Entidade-20', 2, 58);
insert into alocado values (1, 'Entidade-20', 5, 59);
insert into alocado values (1, 'Entidade-21', 3, 60);
insert into alocado values (1, 'Entidade-21', 2, 61);
insert into alocado values (1, 'Entidade-21', 12, 62);
insert into alocado values (1, 'Entidade-22', 12, 63);
insert into alocado values (1, 'Entidade-22', 9, 64);
insert into alocado values (1, 'Entidade-22', 6, 65);
insert into alocado values (1, 'Entidade-23', 1, 66);
insert into alocado values (1, 'Entidade-23', 11, 67);
insert into alocado values (1, 'Entidade-23', 7, 68);
insert into alocado values (1, 'Entidade-24', 5, 69);
insert into alocado values (1, 'Entidade-24', 11, 70);
insert into alocado values (1, 'Entidade-24', 2, 71);
insert into alocado values (1, 'Entidade-25', 4, 72);
insert into alocado values (1, 'Entidade-25', 4, 73);
insert into alocado values (1, 'Entidade-25', 3, 74);
insert into alocado values (1, 'Entidade-26', 2, 75);
insert into alocado values (1, 'Entidade-26', 4, 76);
insert into alocado values (1, 'Entidade-26', 12, 77);
insert into alocado values (1, 'Entidade-27', 4, 78);
insert into alocado values (1, 'Entidade-27', 1, 79);
insert into alocado values (1, 'Entidade-27', 10, 80);
insert into alocado values (1, 'Entidade-28', 7, 81);
insert into alocado values (1, 'Entidade-28', 9, 82);
insert into alocado values (1, 'Entidade-28', 1, 83);
insert into alocado values (1, 'Entidade-29', 10, 84);
insert into alocado values (1, 'Entidade-29', 2, 85);
insert into alocado values (1, 'Entidade-29', 7, 86);
insert into alocado values (1, 'Entidade-30', 2, 87);
insert into alocado values (1, 'Entidade-30', 1, 88);
insert into alocado values (1, 'Entidade-30', 6, 89);
insert into alocado values (1, 'Entidade-31', 6, 90);
insert into alocado values (1, 'Entidade-31', 5, 91);
insert into alocado values (1, 'Entidade-31', 4, 92);
insert into alocado values (1, 'Entidade-32', 7, 93);
insert into alocado values (1, 'Entidade-32', 6, 94);
insert into alocado values (1, 'Entidade-32', 10, 95);
insert into alocado values (1, 'Entidade-33', 11, 96);
insert into alocado values (1, 'Entidade-33', 3, 97);
insert into alocado values (1, 'Entidade-33', 4, 98);
insert into alocado values (1, 'Entidade-34', 2, 99);
insert into alocado values (1, 'Entidade-34', 5, 100);

--acciona
insert into acciona values(1, 'Entidade-1', 1);
insert into acciona values(2, 'Entidade-1', 1);
insert into acciona values(3, 'Entidade-1', 1);
insert into acciona values(1, 'Entidade-2', 2);
insert into acciona values(2, 'Entidade-2', 2);
insert into acciona values(3, 'Entidade-2', 2);
insert into acciona values(1, 'Entidade-3', 3);
insert into acciona values(2, 'Entidade-3', 3);
insert into acciona values(3, 'Entidade-3', 3);
insert into acciona values(1, 'Entidade-4', 4);
insert into acciona values(2, 'Entidade-4', 4);
insert into acciona values(3, 'Entidade-4', 4);
insert into acciona values(1, 'Entidade-5', 5);
insert into acciona values(2, 'Entidade-5', 5);
insert into acciona values(3, 'Entidade-5', 5);
insert into acciona values(1, 'Entidade-6', 6);
insert into acciona values(2, 'Entidade-6', 6);
insert into acciona values(3, 'Entidade-6', 6);
insert into acciona values(1, 'Entidade-7', 7);
insert into acciona values(2, 'Entidade-7', 7);
insert into acciona values(3, 'Entidade-7', 7);
insert into acciona values(1, 'Entidade-8', 8);
insert into acciona values(2, 'Entidade-8', 8);
insert into acciona values(3, 'Entidade-8', 8);
insert into acciona values(1, 'Entidade-9', 9);
insert into acciona values(2, 'Entidade-9', 9);
insert into acciona values(3, 'Entidade-9', 9);
insert into acciona values(1, 'Entidade-10', 10);
insert into acciona values(2, 'Entidade-10', 10);
insert into acciona values(3, 'Entidade-10', 10);
insert into acciona values(1, 'Entidade-11', 11);
insert into acciona values(2, 'Entidade-11', 11);
insert into acciona values(3, 'Entidade-11', 11);
insert into acciona values(1, 'Entidade-12', 12);
insert into acciona values(2, 'Entidade-12', 12);
insert into acciona values(3, 'Entidade-12', 12);
insert into acciona values(1, 'Entidade-13', 13);
insert into acciona values(2, 'Entidade-13', 13);
insert into acciona values(3, 'Entidade-13', 13);
insert into acciona values(1, 'Entidade-14', 14);
insert into acciona values(2, 'Entidade-14', 14);
insert into acciona values(3, 'Entidade-14', 14);
insert into acciona values(1, 'Entidade-15', 15);
insert into acciona values(2, 'Entidade-15', 15);
insert into acciona values(3, 'Entidade-15', 15);
insert into acciona values(1, 'Entidade-16', 16);
insert into acciona values(2, 'Entidade-16', 16);
insert into acciona values(3, 'Entidade-16', 16);
insert into acciona values(1, 'Entidade-17', 17);
insert into acciona values(2, 'Entidade-17', 17);
insert into acciona values(3, 'Entidade-17', 17);
insert into acciona values(1, 'Entidade-18', 18);
insert into acciona values(2, 'Entidade-18', 18);
insert into acciona values(3, 'Entidade-18', 18);
insert into acciona values(1, 'Entidade-19', 19);
insert into acciona values(2, 'Entidade-19', 19);
insert into acciona values(3, 'Entidade-19', 19);
insert into acciona values(1, 'Entidade-20', 20);
insert into acciona values(2, 'Entidade-20', 20);
insert into acciona values(3, 'Entidade-20', 20);
insert into acciona values(1, 'Entidade-21', 21);
insert into acciona values(2, 'Entidade-21', 21);
insert into acciona values(3, 'Entidade-21', 21);
insert into acciona values(1, 'Entidade-22', 22);
insert into acciona values(2, 'Entidade-22', 22);
insert into acciona values(3, 'Entidade-22', 22);
insert into acciona values(1, 'Entidade-23', 23);
insert into acciona values(2, 'Entidade-23', 23);
insert into acciona values(3, 'Entidade-23', 23);
insert into acciona values(1, 'Entidade-24', 24);
insert into acciona values(2, 'Entidade-24', 24);
insert into acciona values(3, 'Entidade-24', 24);
insert into acciona values(1, 'Entidade-25', 25);
insert into acciona values(2, 'Entidade-25', 25);
insert into acciona values(3, 'Entidade-25', 25);
insert into acciona values(1, 'Entidade-26', 26);
insert into acciona values(2, 'Entidade-26', 26);
insert into acciona values(3, 'Entidade-26', 26);
insert into acciona values(1, 'Entidade-27', 27);
insert into acciona values(2, 'Entidade-27', 27);
insert into acciona values(3, 'Entidade-27', 27);
insert into acciona values(1, 'Entidade-28', 28);
insert into acciona values(2, 'Entidade-28', 28);
insert into acciona values(3, 'Entidade-28', 28);
insert into acciona values(1, 'Entidade-29', 29);
insert into acciona values(2, 'Entidade-29', 29);
insert into acciona values(3, 'Entidade-29', 29);
insert into acciona values(1, 'Entidade-30', 30);
insert into acciona values(2, 'Entidade-30', 30);
insert into acciona values(3, 'Entidade-30', 30);
insert into acciona values(1, 'Entidade-31', 31);
insert into acciona values(2, 'Entidade-31', 31);
insert into acciona values(3, 'Entidade-31', 31);
insert into acciona values(1, 'Entidade-32', 32);
insert into acciona values(2, 'Entidade-32', 32);
insert into acciona values(3, 'Entidade-32', 32);
insert into acciona values(1, 'Entidade-33', 33);
insert into acciona values(2, 'Entidade-33', 33);
insert into acciona values(3, 'Entidade-33', 33);
insert into acciona values(1, 'Entidade-34', 34);
insert into acciona values(2, 'Entidade-34', 34);
insert into acciona values(3, 'Entidade-34', 34);
insert into acciona values(1, 'Entidade-35', 35);
insert into acciona values(2, 'Entidade-35', 35);
insert into acciona values(3, 'Entidade-35', 35);
insert into acciona values(1, 'Entidade-36', 36);
insert into acciona values(2, 'Entidade-36', 36);
insert into acciona values(3, 'Entidade-36', 36);
insert into acciona values(1, 'Entidade-37', 37);
insert into acciona values(2, 'Entidade-37', 37);
insert into acciona values(3, 'Entidade-37', 37);
insert into acciona values(1, 'Entidade-38', 38);
insert into acciona values(2, 'Entidade-38', 38);
insert into acciona values(3, 'Entidade-38', 38);
insert into acciona values(1, 'Entidade-39', 39);
insert into acciona values(2, 'Entidade-39', 39);
insert into acciona values(3, 'Entidade-39', 39);
insert into acciona values(1, 'Entidade-40', 40);
insert into acciona values(2, 'Entidade-40', 40);
insert into acciona values(3, 'Entidade-40', 40);
insert into acciona values(1, 'Entidade-41', 41);
insert into acciona values(2, 'Entidade-41', 41);
insert into acciona values(3, 'Entidade-41', 41);
insert into acciona values(1, 'Entidade-42', 42);
insert into acciona values(2, 'Entidade-42', 42);
insert into acciona values(3, 'Entidade-42', 42);
insert into acciona values(1, 'Entidade-43', 43);
insert into acciona values(2, 'Entidade-43', 43);
insert into acciona values(3, 'Entidade-43', 43);
insert into acciona values(1, 'Entidade-44', 44);
insert into acciona values(2, 'Entidade-44', 44);
insert into acciona values(3, 'Entidade-44', 44);
insert into acciona values(1, 'Entidade-45', 45);
insert into acciona values(2, 'Entidade-45', 45);
insert into acciona values(3, 'Entidade-45', 45);
insert into acciona values(1, 'Entidade-46', 46);
insert into acciona values(2, 'Entidade-46', 46);
insert into acciona values(3, 'Entidade-46', 46);
insert into acciona values(1, 'Entidade-47', 47);
insert into acciona values(2, 'Entidade-47', 47);
insert into acciona values(3, 'Entidade-47', 47);
insert into acciona values(1, 'Entidade-48', 48);
insert into acciona values(2, 'Entidade-48', 48);
insert into acciona values(3, 'Entidade-48', 48);
insert into acciona values(1, 'Entidade-49', 49);
insert into acciona values(2, 'Entidade-49', 49);
insert into acciona values(3, 'Entidade-49', 49);
insert into acciona values(1, 'Entidade-50', 50);
insert into acciona values(2, 'Entidade-50', 50);
insert into acciona values(3, 'Entidade-50', 50);
insert into acciona values(1, 'Entidade-51', 51);
insert into acciona values(2, 'Entidade-51', 51);
insert into acciona values(3, 'Entidade-51', 51);
insert into acciona values(1, 'Entidade-52', 52);
insert into acciona values(2, 'Entidade-52', 52);
insert into acciona values(3, 'Entidade-52', 52);
insert into acciona values(1, 'Entidade-53', 53);
insert into acciona values(2, 'Entidade-53', 53);
insert into acciona values(3, 'Entidade-53', 53);
insert into acciona values(1, 'Entidade-54', 54);
insert into acciona values(2, 'Entidade-54', 54);
insert into acciona values(3, 'Entidade-54', 54);
insert into acciona values(1, 'Entidade-55', 55);
insert into acciona values(2, 'Entidade-55', 55);
insert into acciona values(3, 'Entidade-55', 55);
insert into acciona values(1, 'Entidade-56', 56);
insert into acciona values(2, 'Entidade-56', 56);
insert into acciona values(3, 'Entidade-56', 56);
insert into acciona values(1, 'Entidade-57', 57);
insert into acciona values(2, 'Entidade-57', 57);
insert into acciona values(3, 'Entidade-57', 57);
insert into acciona values(1, 'Entidade-58', 58);
insert into acciona values(2, 'Entidade-58', 58);
insert into acciona values(3, 'Entidade-58', 58);
insert into acciona values(1, 'Entidade-59', 59);
insert into acciona values(2, 'Entidade-59', 59);
insert into acciona values(3, 'Entidade-59', 59);
insert into acciona values(1, 'Entidade-60', 60);
insert into acciona values(2, 'Entidade-60', 60);
insert into acciona values(3, 'Entidade-60', 60);
insert into acciona values(1, 'Entidade-61', 61);
insert into acciona values(2, 'Entidade-61', 61);
insert into acciona values(3, 'Entidade-61', 61);
insert into acciona values(1, 'Entidade-62', 62);
insert into acciona values(2, 'Entidade-62', 62);
insert into acciona values(3, 'Entidade-62', 62);
insert into acciona values(1, 'Entidade-63', 63);
insert into acciona values(2, 'Entidade-63', 63);
insert into acciona values(3, 'Entidade-63', 63);
insert into acciona values(1, 'Entidade-64', 64);
insert into acciona values(2, 'Entidade-64', 64);
insert into acciona values(3, 'Entidade-64', 64);
insert into acciona values(1, 'Entidade-65', 65);
insert into acciona values(2, 'Entidade-65', 65);
insert into acciona values(3, 'Entidade-65', 65);
insert into acciona values(1, 'Entidade-66', 66);
insert into acciona values(2, 'Entidade-66', 66);
insert into acciona values(3, 'Entidade-66', 66);
insert into acciona values(1, 'Entidade-67', 67);
insert into acciona values(2, 'Entidade-67', 67);
insert into acciona values(3, 'Entidade-67', 67);
insert into acciona values(1, 'Entidade-68', 68);
insert into acciona values(2, 'Entidade-68', 68);
insert into acciona values(3, 'Entidade-68', 68);
insert into acciona values(1, 'Entidade-69', 69);
insert into acciona values(2, 'Entidade-69', 69);
insert into acciona values(3, 'Entidade-69', 69);
insert into acciona values(1, 'Entidade-70', 70);
insert into acciona values(2, 'Entidade-70', 70);
insert into acciona values(3, 'Entidade-70', 70);
insert into acciona values(1, 'Entidade-71', 71);
insert into acciona values(2, 'Entidade-71', 71);
insert into acciona values(3, 'Entidade-71', 71);
insert into acciona values(1, 'Entidade-72', 72);
insert into acciona values(2, 'Entidade-72', 72);
insert into acciona values(3, 'Entidade-72', 72);
insert into acciona values(1, 'Entidade-73', 73);
insert into acciona values(2, 'Entidade-73', 73);
insert into acciona values(3, 'Entidade-73', 73);
insert into acciona values(1, 'Entidade-74', 74);
insert into acciona values(2, 'Entidade-74', 74);
insert into acciona values(3, 'Entidade-74', 74);
insert into acciona values(1, 'Entidade-75', 75);
insert into acciona values(2, 'Entidade-75', 75);
insert into acciona values(3, 'Entidade-75', 75);
insert into acciona values(1, 'Entidade-76', 76);
insert into acciona values(2, 'Entidade-76', 76);
insert into acciona values(3, 'Entidade-76', 76);
insert into acciona values(1, 'Entidade-77', 77);
insert into acciona values(2, 'Entidade-77', 77);
insert into acciona values(3, 'Entidade-77', 77);
insert into acciona values(1, 'Entidade-78', 78);
insert into acciona values(2, 'Entidade-78', 78);
insert into acciona values(3, 'Entidade-78', 78);
insert into acciona values(1, 'Entidade-79', 79);
insert into acciona values(2, 'Entidade-79', 79);
insert into acciona values(3, 'Entidade-79', 79);
insert into acciona values(1, 'Entidade-80', 80);
insert into acciona values(2, 'Entidade-80', 80);
insert into acciona values(3, 'Entidade-80', 80);
insert into acciona values(1, 'Entidade-81', 81);
insert into acciona values(2, 'Entidade-81', 81);
insert into acciona values(3, 'Entidade-81', 81);
insert into acciona values(1, 'Entidade-82', 82);
insert into acciona values(2, 'Entidade-82', 82);
insert into acciona values(3, 'Entidade-82', 82);
insert into acciona values(1, 'Entidade-83', 83);
insert into acciona values(2, 'Entidade-83', 83);
insert into acciona values(3, 'Entidade-83', 83);
insert into acciona values(1, 'Entidade-84', 84);
insert into acciona values(2, 'Entidade-84', 84);
insert into acciona values(3, 'Entidade-84', 84);
insert into acciona values(1, 'Entidade-85', 85);
insert into acciona values(2, 'Entidade-85', 85);
insert into acciona values(3, 'Entidade-85', 85);
insert into acciona values(1, 'Entidade-86', 86);
insert into acciona values(2, 'Entidade-86', 86);
insert into acciona values(3, 'Entidade-86', 86);
insert into acciona values(1, 'Entidade-87', 87);
insert into acciona values(2, 'Entidade-87', 87);
insert into acciona values(3, 'Entidade-87', 87);
insert into acciona values(1, 'Entidade-88', 88);
insert into acciona values(2, 'Entidade-88', 88);
insert into acciona values(3, 'Entidade-88', 88);
insert into acciona values(1, 'Entidade-89', 89);
insert into acciona values(2, 'Entidade-89', 89);
insert into acciona values(3, 'Entidade-89', 89);
insert into acciona values(1, 'Entidade-90', 90);
insert into acciona values(2, 'Entidade-90', 90);
insert into acciona values(3, 'Entidade-90', 90);
insert into acciona values(1, 'Entidade-91', 91);
insert into acciona values(2, 'Entidade-91', 91);
insert into acciona values(3, 'Entidade-91', 91);
insert into acciona values(1, 'Entidade-92', 92);
insert into acciona values(2, 'Entidade-92', 92);
insert into acciona values(3, 'Entidade-92', 92);
insert into acciona values(1, 'Entidade-93', 93);
insert into acciona values(2, 'Entidade-93', 93);
insert into acciona values(3, 'Entidade-93', 93);
insert into acciona values(1, 'Entidade-94', 94);
insert into acciona values(2, 'Entidade-94', 94);
insert into acciona values(3, 'Entidade-94', 94);
insert into acciona values(1, 'Entidade-95', 95);
insert into acciona values(2, 'Entidade-95', 95);
insert into acciona values(3, 'Entidade-95', 95);
insert into acciona values(1, 'Entidade-96', 96);
insert into acciona values(2, 'Entidade-96', 96);
insert into acciona values(3, 'Entidade-96', 96);
insert into acciona values(1, 'Entidade-97', 97);
insert into acciona values(2, 'Entidade-97', 97);
insert into acciona values(3, 'Entidade-97', 97);
insert into acciona values(1, 'Entidade-98', 98);
insert into acciona values(2, 'Entidade-98', 98);
insert into acciona values(3, 'Entidade-98', 98);
insert into acciona values(1, 'Entidade-99', 99);
insert into acciona values(2, 'Entidade-99', 99);
insert into acciona values(3, 'Entidade-99', 99);
insert into acciona values(1, 'Entidade-100', 100);
insert into acciona values(2, 'Entidade-100', 100);
insert into acciona values(3, 'Entidade-100', 100);

--coordenador
insert into coordenador values (1);
insert into coordenador values (2);
insert into coordenador values (3);
insert into coordenador values (4);
insert into coordenador values (5);
insert into coordenador values (6);
insert into coordenador values (7);
insert into coordenador values (8);
insert into coordenador values (9);
insert into coordenador values (10);
insert into coordenador values (11);
insert into coordenador values (12);
insert into coordenador values (13);
insert into coordenador values (14);
insert into coordenador values (15);
insert into coordenador values (16);
insert into coordenador values (17);
insert into coordenador values (18);
insert into coordenador values (19);
insert into coordenador values (20);
insert into coordenador values (21);
insert into coordenador values (22);
insert into coordenador values (23);
insert into coordenador values (24);
insert into coordenador values (25);
insert into coordenador values (26);
insert into coordenador values (27);
insert into coordenador values (28);
insert into coordenador values (29);
insert into coordenador values (30);
insert into coordenador values (31);
insert into coordenador values (32);
insert into coordenador values (33);
insert into coordenador values (34);
insert into coordenador values (35);
insert into coordenador values (36);
insert into coordenador values (37);
insert into coordenador values (38);
insert into coordenador values (39);
insert into coordenador values (40);
insert into coordenador values (41);
insert into coordenador values (42);
insert into coordenador values (43);
insert into coordenador values (44);
insert into coordenador values (45);
insert into coordenador values (46);
insert into coordenador values (47);
insert into coordenador values (48);
insert into coordenador values (49);
insert into coordenador values (50);
insert into coordenador values (51);
insert into coordenador values (52);
insert into coordenador values (53);
insert into coordenador values (54);
insert into coordenador values (55);
insert into coordenador values (56);
insert into coordenador values (57);
insert into coordenador values (58);
insert into coordenador values (59);
insert into coordenador values (60);
insert into coordenador values (61);
insert into coordenador values (62);
insert into coordenador values (63);
insert into coordenador values (64);
insert into coordenador values (65);
insert into coordenador values (66);
insert into coordenador values (67);
insert into coordenador values (68);
insert into coordenador values (69);
insert into coordenador values (70);
insert into coordenador values (71);
insert into coordenador values (72);
insert into coordenador values (73);
insert into coordenador values (74);
insert into coordenador values (75);
insert into coordenador values (76);
insert into coordenador values (77);
insert into coordenador values (78);
insert into coordenador values (79);
insert into coordenador values (80);
insert into coordenador values (81);
insert into coordenador values (82);
insert into coordenador values (83);
insert into coordenador values (84);
insert into coordenador values (85);
insert into coordenador values (86);
insert into coordenador values (87);
insert into coordenador values (88);
insert into coordenador values (89);
insert into coordenador values (90);
insert into coordenador values (91);
insert into coordenador values (92);
insert into coordenador values (93);
insert into coordenador values (94);
insert into coordenador values (95);
insert into coordenador values (96);
insert into coordenador values (97);
insert into coordenador values (98);
insert into coordenador values (99);
insert into coordenador values (100);
insert into coordenador values (101);
insert into coordenador values (102);
insert into coordenador values (103);
insert into coordenador values (104);
insert into coordenador values (105);
insert into coordenador values (106);
insert into coordenador values (107);
insert into coordenador values (108);
insert into coordenador values (109);
insert into coordenador values (110);
insert into coordenador values (111);
insert into coordenador values (112);
insert into coordenador values (113);
insert into coordenador values (114);
insert into coordenador values (115);
insert into coordenador values (116);
insert into coordenador values (117);
insert into coordenador values (118);
insert into coordenador values (119);
insert into coordenador values (120);
insert into coordenador values (121);
insert into coordenador values (122);
insert into coordenador values (123);
insert into coordenador values (124);
insert into coordenador values (125);
insert into coordenador values (126);
insert into coordenador values (127);
insert into coordenador values (128);
insert into coordenador values (129);
insert into coordenador values (130);
insert into coordenador values (131);
insert into coordenador values (132);
insert into coordenador values (133);
insert into coordenador values (134);
insert into coordenador values (135);
insert into coordenador values (136);
insert into coordenador values (137);
insert into coordenador values (138);
insert into coordenador values (139);
insert into coordenador values (140);
insert into coordenador values (141);
insert into coordenador values (142);
insert into coordenador values (143);
insert into coordenador values (144);
insert into coordenador values (145);
insert into coordenador values (146);
insert into coordenador values (147);
insert into coordenador values (148);
insert into coordenador values (149);
insert into coordenador values (150);

--audita
